"Polygon_Number","Coordinate_Order","Coordinate_ID","Longitude","Latitude"
"1",1,"1_1",-4.8,44
"1",2,"1_2",-4.75,44
"1",3,"1_3",-4.7,44
"1",4,"1_4",-4.7,44.025
"1",5,"1_5",-4.7,44.05
"1",6,"1_6",-4.675,44.05
"1",7,"1_7",-4.675,44.025
"1",8,"1_8",-4.675,44
"1",9,"1_9",-4.65,44
"1",10,"1_10",-4.6,44
"1",11,"1_11",-4.6,44.05
"1",12,"1_12",-4.55,44.05
"1",13,"1_13",-4.5,44.05
"1",14,"1_14",-4.5,44.1
"1",15,"1_15",-4.5,44.15
"1",16,"1_16",-4.525,44.15
"1",17,"1_17",-4.525,44.15
"1",18,"1_18",-4.55,44.15
"1",19,"1_19",-4.575,44.15
"1",20,"1_20",-4.6,44.15
"1",21,"1_21",-4.65,44.15
"1",22,"1_22",-4.7,44.15
"1",23,"1_23",-4.75,44.15
"1",24,"1_24",-4.775,44.15
"1",25,"1_25",-4.8,44.15
"1",26,"1_26",-4.825,44.15
"1",27,"1_27",-4.85,44.15
"1",28,"1_28",-4.875,44.15
"1",29,"1_29",-4.9,44.15
"1",30,"1_30",-4.925,44.15
"1",31,"1_31",-4.95,44.15
"1",32,"1_32",-4.975,44.15
"1",33,"1_33",-5,44.15
"1",34,"1_34",-5.025,44.15
"1",35,"1_35",-5.05,44.15
"1",36,"1_36",-5.075,44.15
"1",37,"1_37",-5.1,44.15
"1",38,"1_38",-5.125,44.15
"1",39,"1_39",-5.15,44.15
"1",40,"1_40",-5.175,44.15
"1",41,"1_41",-5.2,44.15
"1",42,"1_42",-5.2,44.1
"1",43,"1_43",-5.2,44.075
"1",44,"1_44",-5.2,44.05
"1",45,"1_45",-5.2,44.025
"1",46,"1_46",-5.2,44
"1",47,"1_47",-5.15,44
"1",48,"1_48",-5.1,44
"1",49,"1_49",-5.05,44
"1",50,"1_50",-5,44
"1",51,"1_51",-4.95,44
"1",52,"1_52",-4.9,44
"1",53,"1_53",-4.85,44
"1",54,"1_54",-4.8,44
"2",1,"2_1",-13.775,56.7
"2",2,"2_2",-13.775,56.7
"2",3,"2_3",-13.775,56.675
"2",4,"2_4",-13.75,56.675
"2",5,"2_5",-13.75,56.7
"2",6,"2_6",-13.775,56.7
"3a",1,"3a_1",-14.975,55.95
"3a",2,"3a_2",-14.975,55.95
"3a",3,"3a_3",-14.975,55.925
"3a",4,"3a_4",-14.95,55.925
"3a",5,"3a_5",-14.925,55.925
"3a",6,"3a_6",-14.9,55.925
"3a",7,"3a_7",-14.875,55.925
"3a",8,"3a_8",-14.875,55.9
"3a",9,"3a_9",-14.875,55.875
"3a",10,"3a_10",-14.875,55.85
"3a",11,"3a_11",-14.875,55.825
"3a",12,"3a_12",-14.85,55.825
"3a",13,"3a_13",-14.825,55.825
"3a",14,"3a_14",-14.8,55.825
"3a",15,"3a_15",-14.775,55.825
"3a",16,"3a_16",-14.775,55.85
"3a",17,"3a_17",-14.775,55.875
"3a",18,"3a_18",-14.75,55.875
"3a",19,"3a_19",-14.725,55.875
"3a",20,"3a_20",-14.725,55.9
"3a",21,"3a_21",-14.725,55.9
"3a",22,"3a_22",-14.75,55.9
"3a",23,"3a_23",-14.75,55.95
"3a",24,"3a_24",-14.725,55.95
"3a",25,"3a_25",-14.725,55.975
"3a",26,"3a_26",-14.725,56
"3a",27,"3a_27",-14.725,56.025
"3a",28,"3a_28",-14.725,56.05
"3a",29,"3a_29",-14.725,56.075
"3a",30,"3a_30",-14.7,56.075
"3a",31,"3a_31",-14.675,56.075
"3a",32,"3a_32",-14.675,56.05
"3a",33,"3a_33",-14.675,56.025
"3a",34,"3a_34",-14.65,56.025
"3a",35,"3a_35",-14.625,56.025
"3a",36,"3a_36",-14.6,56.025
"3a",37,"3a_37",-14.6,56.05
"3a",38,"3a_38",-14.575,56.05
"3a",39,"3a_39",-14.575,56.075
"3a",40,"3a_40",-14.575,56.1
"3a",41,"3a_41",-14.575,56.125
"3a",42,"3a_42",-14.6,56.125
"3a",43,"3a_43",-14.625,56.125
"3a",44,"3a_44",-14.65,56.125
"3a",45,"3a_45",-14.675,56.125
"3a",46,"3a_46",-14.675,56.15
"3a",47,"3a_47",-14.675,56.175
"3a",48,"3a_48",-14.7,56.175
"3a",49,"3a_49",-14.7,56.15
"3a",50,"3a_50",-14.75,56.15
"3a",51,"3a_51",-14.75,56.1
"3a",52,"3a_52",-14.8,56.1
"3a",53,"3a_53",-14.85,56.1
"3a",54,"3a_54",-14.85,56.05
"3a",55,"3a_55",-14.875,56.05
"3a",56,"3a_56",-14.875,56.05
"3a",57,"3a_57",-14.875,56.025
"3a",58,"3a_58",-14.9,56.025
"3a",59,"3a_59",-14.9,56
"3a",60,"3a_60",-14.9,55.95
"3a",61,"3a_61",-14.95,55.95
"3a",62,"3a_62",-14.975,55.95
"3b",1,"3b_1",-14.3,56.525
"3b",2,"3b_2",-14.3,56.525
"3b",3,"3b_3",-14.275,56.525
"3b",4,"3b_4",-14.25,56.525
"3b",5,"3b_5",-14.225,56.525
"3b",6,"3b_6",-14.225,56.55
"3b",7,"3b_7",-14.225,56.55
"3b",8,"3b_8",-14.25,56.55
"3b",9,"3b_9",-14.3,56.55
"3b",10,"3b_10",-14.3,56.525
"3c",1,"3c_1",-14.2,56.575
"3c",2,"3c_2",-14.175,56.575
"3c",3,"3c_3",-14.175,56.577
"3c",4,"3c_4",-14.2,56.577
"3c",5,"3c_5",-14.2,56.575
"3d",1,"3d_1",-14.15,56.625
"3d",2,"3d_2",-14.15,56.625
"3d",3,"3d_3",-14.125,56.625
"3d",4,"3d_4",-14.125,56.6
"3d",5,"3d_5",-14.125,56.575
"3d",6,"3d_6",-14.1,56.575
"3d",7,"3d_7",-14.075,56.575
"3d",8,"3d_8",-14.075,56.55
"3d",9,"3d_9",-14.075,56.525
"3d",10,"3d_10",-14.075,56.5
"3d",11,"3d_11",-14.075,56.475
"3d",12,"3d_12",-14.075,56.45
"3d",13,"3d_13",-14.05,56.45
"3d",14,"3d_14",-14.05,56.5
"3d",15,"3d_15",-14,56.5
"3d",16,"3d_16",-13.975,56.5
"3d",17,"3d_17",-13.975,56.525
"3d",18,"3d_18",-13.975,56.55
"3d",19,"3d_19",-13.975,56.575
"3d",20,"3d_20",-13.975,56.6
"3d",21,"3d_21",-13.975,56.625
"3d",22,"3d_22",-14,56.625
"3d",23,"3d_23",-14.025,56.625
"3d",24,"3d_24",-14.025,56.65
"3d",25,"3d_25",-14.025,56.667
"3d",26,"3d_26",-14.05,56.667
"3d",27,"3d_27",-14.05,56.65
"3d",28,"3d_28",-14.1,56.65
"3d",29,"3d_29",-14.15,56.65
"3d",30,"3d_30",-14.15,56.625
"3e",1,"3e_1",-14,56.675
"3e",2,"3e_2",-14,56.675
"3e",3,"3e_3",-13.975,56.675
"3e",4,"3e_4",-13.95,56.675
"3e",5,"3e_5",-13.925,56.675
"3e",6,"3e_6",-13.9,56.675
"3e",7,"3e_7",-13.875,56.675
"3e",8,"3e_8",-13.875,56.7
"3e",9,"3e_9",-13.875,56.7
"3e",10,"3e_10",-13.95,56.7
"3e",11,"3e_11",-14,56.7
"3e",12,"3e_12",-14,56.675
"3f",1,"3f_1",-15.216,55.85
"3f",2,"3f_2",-15.217,55.849
"3f",3,"3f_3",-15.218,55.847
"3f",4,"3f_4",-15.229,55.835
"3f",5,"3f_5",-15.23,55.833
"3f",6,"3f_6",-15.231,55.833
"3f",7,"3f_7",-15.232,55.831
"3f",8,"3f_8",-15.236,55.828
"3f",9,"3f_9",-15.237,55.827
"3f",10,"3f_10",-15.25,55.814
"3f",11,"3f_11",-15.251,55.812
"3f",12,"3f_12",-15.255,55.809
"3f",13,"3f_13",-15.256,55.808
"3f",14,"3f_14",-15.263,55.801
"3f",15,"3f_15",-15.264,55.8
"3f",16,"3f_16",-15.267,55.797
"3f",17,"3f_17",-15.268,55.796
"3f",18,"3f_18",-15.269,55.795
"3f",19,"3f_19",-15.275,55.789
"3f",20,"3f_20",-15.275,55.775
"3f",21,"3f_21",-15.25,55.775
"3f",22,"3f_22",-15.225,55.775
"3f",23,"3f_23",-15.2,55.775
"3f",24,"3f_24",-15.175,55.775
"3f",25,"3f_25",-15.175,55.8
"3f",26,"3f_26",-15.175,55.825
"3f",27,"3f_27",-15.15,55.825
"3f",28,"3f_28",-15.125,55.825
"3f",29,"3f_29",-15.1,55.825
"3f",30,"3f_30",-15.075,55.825
"3f",31,"3f_31",-15.075,55.85
"3f",32,"3f_32",-15.075,55.875
"3f",33,"3f_33",-15.075,55.9
"3f",34,"3f_34",-15.075,55.9
"3f",35,"3f_35",-15.1,55.9
"3f",36,"3f_36",-15.15,55.9
"3f",37,"3f_37",-15.172,55.9
"3f",38,"3f_38",-15.172,55.9
"3f",39,"3f_39",-15.175,55.897
"3f",40,"3f_40",-15.176,55.895
"3f",41,"3f_41",-15.181,55.889
"3f",42,"3f_42",-15.183,55.888
"3f",43,"3f_43",-15.185,55.885
"3f",44,"3f_44",-15.186,55.884
"3f",45,"3f_45",-15.189,55.881
"3f",46,"3f_46",-15.19,55.88
"3f",47,"3f_47",-15.191,55.878
"3f",48,"3f_48",-15.192,55.878
"3f",49,"3f_49",-15.2,55.868
"3f",50,"3f_50",-15.2,55.85
"3f",51,"3f_51",-15.216,55.85
"4",1,"4_1",-14.925,55.7
"4",2,"4_2",-14.925,55.725
"4",3,"4_3",-14.925,55.75
"4",4,"4_4",-14.925,55.775
"4",5,"4_5",-14.95,55.775
"4",6,"4_6",-14.975,55.775
"4",7,"4_7",-14.975,55.8
"4",8,"4_8",-14.975,55.825
"4",9,"4_9",-15,55.825
"4",10,"4_10",-15.025,55.825
"4",11,"4_11",-15.05,55.825
"4",12,"4_12",-15.075,55.825
"4",13,"4_13",-15.075,55.8
"4",14,"4_14",-15.075,55.775
"4",15,"4_15",-15.075,55.75
"4",16,"4_16",-15.075,55.725
"4",17,"4_17",-15.05,55.725
"4",18,"4_18",-15.025,55.725
"4",19,"4_19",-15.025,55.7
"4",20,"4_20",-15,55.7
"4",21,"4_21",-14.95,55.7
"4",22,"4_22",-14.925,55.7
"5",1,"5_1",-14.575,56.25
"5",2,"5_2",-14.575,56.25
"5",3,"5_3",-14.575,56.225
"5",4,"5_4",-14.55,56.225
"5",5,"5_5",-14.525,56.225
"5",6,"5_6",-14.5,56.225
"5",7,"5_7",-14.475,56.225
"5",8,"5_8",-14.475,56.25
"5",9,"5_9",-14.475,56.275
"5",10,"5_10",-14.475,56.3
"5",11,"5_11",-14.475,56.325
"5",12,"5_12",-14.45,56.325
"5",13,"5_13",-14.425,56.325
"5",14,"5_14",-14.425,56.35
"5",15,"5_15",-14.425,56.375
"5",16,"5_16",-14.425,56.4
"5",17,"5_17",-14.425,56.4
"5",18,"5_18",-14.45,56.4
"5",19,"5_19",-14.45,56.35
"5",20,"5_20",-14.5,56.35
"5",21,"5_21",-14.5,56.3
"5",22,"5_22",-14.55,56.3
"5",23,"5_23",-14.55,56.25
"5",24,"5_24",-14.575,56.25
"6",1,"6_1",-14.4,56.425
"6",2,"6_2",-14.375,56.425
"6",3,"6_3",-14.35,56.425
"6",4,"6_4",-14.325,56.425
"6",5,"6_5",-14.325,56.45
"6",6,"6_6",-14.325,56.475
"6",7,"6_7",-14.325,56.5
"6",8,"6_8",-14.325,56.5
"6",9,"6_9",-14.35,56.5
"6",10,"6_10",-14.35,56.45
"6",11,"6_11",-14.4,56.45
"6",12,"6_12",-14.4,56.425
"6",13,"6_13",-14.4,56.425
"7",1,"7_1",-14.775,55.75
"7",2,"7_2",-14.775,55.775
"7",3,"7_3",-14.8,55.775
"7",4,"7_4",-14.825,55.775
"7",5,"7_5",-14.85,55.775
"7",6,"7_6",-14.875,55.775
"7",7,"7_7",-14.875,55.75
"7",8,"7_8",-14.875,55.725
"7",9,"7_9",-14.875,55.7
"7",10,"7_10",-14.85,55.7
"7",11,"7_11",-14.85,55.75
"7",12,"7_12",-14.8,55.75
"7",13,"7_13",-14.775,55.75
"8",1,"8_1",-15.225,55.6
"8",2,"8_2",-15.225,55.625
"8",3,"8_3",-15.25,55.625
"8",4,"8_4",-15.275,55.625
"8",5,"8_5",-15.3,55.625
"8",6,"8_6",-15.3,55.65
"8",7,"8_7",-15.325,55.65
"8",8,"8_8",-15.35,55.65
"8",9,"8_9",-15.35,55.625
"8",10,"8_10",-15.35,55.6
"8",11,"8_11",-15.3,55.6
"8",12,"8_12",-15.25,55.6
"8",13,"8_13",-15.225,55.6
"9",1,"9_1",-15.125,55.65
"9",2,"9_2",-15.125,55.675
"9",3,"9_3",-15.125,55.7
"9",4,"9_4",-15.125,55.725
"9",5,"9_5",-15.15,55.725
"9",6,"9_6",-15.175,55.725
"9",7,"9_7",-15.2,55.725
"9",8,"9_8",-15.225,55.725
"9",9,"9_9",-15.225,55.7
"9",10,"9_10",-15.225,55.675
"9",11,"9_11",-15.225,55.65
"9",12,"9_12",-15.225,55.625
"9",13,"9_13",-15.2,55.625
"9",14,"9_14",-15.2,55.65
"9",15,"9_15",-15.15,55.65
"9",16,"9_16",-15.125,55.65
"10",1,"10_1",-15.375,55.6
"10",2,"10_2",-15.375,55.625
"10",3,"10_3",-15.4,55.625
"10",4,"10_4",-15.425,55.625
"10",5,"10_5",-15.426,55.625
"10",6,"10_6",-15.426,55.624
"10",7,"10_7",-15.428,55.622
"10",8,"10_8",-15.43,55.62
"10",9,"10_9",-15.431,55.618
"10",10,"10_10",-15.437,55.612
"10",11,"10_11",-15.438,55.611
"10",12,"10_12",-15.44,55.608
"10",13,"10_13",-15.442,55.606
"10",14,"10_14",-15.447,55.6
"10",15,"10_15",-15.4,55.6
"10",16,"10_16",-15.375,55.6
"11",1,"11_1",-15.45,55.596
"11",2,"11_2",-15.451,55.595
"11",3,"11_3",-15.452,55.594
"11",4,"11_4",-15.454,55.591
"11",5,"11_5",-15.455,55.59
"11",6,"11_6",-15.459,55.585
"11",7,"11_7",-15.461,55.583
"11",8,"11_8",-15.463,55.58
"11",9,"11_9",-15.464,55.579
"11",10,"11_10",-15.473,55.568
"11",11,"11_11",-15.474,55.567
"11",12,"11_12",-15.475,55.565
"11",13,"11_13",-15.475,55.55
"11",14,"11_14",-15.45,55.55
"11",15,"11_15",-15.45,55.596
"12",1,"12_1",-15.5,55.5
"12",2,"12_2",-15.5,55.525
"12",3,"12_3",-15.5,55.534
"12",4,"12_4",-15.503,55.53
"12",5,"12_5",-15.504,55.529
"12",6,"12_6",-15.506,55.526
"12",7,"12_7",-15.507,55.525
"12",8,"12_8",-15.516,55.514
"12",9,"12_9",-15.517,55.512
"12",10,"12_10",-15.519,55.51
"12",11,"12_11",-15.52,55.508
"12",12,"12_12",-15.524,55.503
"12",13,"12_13",-15.525,55.502
"12",14,"12_14",-15.526,55.5
"12",15,"12_15",-15.526,55.5
"12",16,"12_16",-15.5,55.5
"13",1,"13_1",-2.15,44.775
"13",2,"13_2",-2.125,44.775
"13",3,"13_3",-2.125,44.8
"13",4,"13_4",-2.125,44.825
"13",5,"13_5",-2.125,44.85
"13",6,"13_6",-2.125,44.875
"13",7,"13_7",-2.15,44.875
"13",8,"13_8",-2.175,44.875
"13",9,"13_9",-2.2,44.875
"13",10,"13_10",-2.225,44.875
"13",11,"13_11",-2.25,44.875
"13",12,"13_12",-2.275,44.875
"13",13,"13_13",-2.275,44.85
"13",14,"13_14",-2.25,44.85
"13",15,"13_15",-2.25,44.8
"13",16,"13_16",-2.2,44.8
"13",17,"13_17",-2.15,44.8
"13",18,"13_18",-2.15,44.775
"14",1,"14_1",-2,43.875
"14",2,"14_2",-2,43.875
"14",3,"14_3",-2.025,43.875
"14",4,"14_4",-2.025,43.85
"14",5,"14_5",-2.025,43.825
"14",6,"14_6",-2.025,43.8
"14",7,"14_7",-2.025,43.775
"14",8,"14_8",-2,43.775
"14",9,"14_9",-2,43.8
"14",10,"14_10",-2,43.85
"14",11,"14_11",-2,43.875
"15",1,"15_1",-2.25,44.275
"15",2,"15_2",-2.225,44.275
"15",3,"15_3",-2.2,44.275
"15",4,"15_4",-2.175,44.275
"15",5,"15_5",-2.175,44.3
"15",6,"15_6",-2.175,44.325
"15",7,"15_7",-2.175,44.35
"15",8,"15_8",-2.175,44.375
"15",9,"15_9",-2.2,44.375
"15",10,"15_10",-2.225,44.375
"15",11,"15_11",-2.25,44.375
"15",12,"15_12",-2.25,44.35
"15",13,"15_13",-2.25,44.3
"15",14,"15_14",-2.25,44.275
"16",1,"16_1",-2.15,43.725
"16",2,"16_2",-2.15,43.725
"16",3,"16_3",-2.125,43.725
"16",4,"16_4",-2.1,43.725
"16",5,"16_5",-2.075,43.725
"16",6,"16_6",-2.075,43.75
"16",7,"16_7",-2.075,43.775
"16",8,"16_8",-2.075,43.8
"16",9,"16_9",-2.075,43.825
"16",10,"16_10",-2.1,43.825
"16",11,"16_11",-2.125,43.825
"16",12,"16_12",-2.15,43.825
"16",13,"16_13",-2.175,43.825
"16",14,"16_14",-2.175,43.8
"16",15,"16_15",-2.175,43.775
"16",16,"16_16",-2.175,43.75
"16",17,"16_17",-2.15,43.75
"16",18,"16_18",-2.15,43.725
"17",1,"17_1",-2.825,45.05
"17",2,"17_2",-2.825,45.075
"17",3,"17_3",-2.825,45.1
"17",4,"17_4",-2.825,45.125
"17",5,"17_5",-2.85,45.125
"17",6,"17_6",-2.875,45.125
"17",7,"17_7",-2.9,45.125
"17",8,"17_8",-2.925,45.125
"17",9,"17_9",-2.925,45.1
"17",10,"17_10",-2.925,45.075
"17",11,"17_11",-2.925,45.05
"17",12,"17_12",-2.9,45.05
"17",13,"17_13",-2.85,45.05
"17",14,"17_14",-2.825,45.05
"18",1,"18_1",-2.625,43.55
"18",2,"18_2",-2.625,43.575
"18",3,"18_3",-2.625,43.6
"18",4,"18_4",-2.625,43.625
"18",5,"18_5",-2.65,43.625
"18",6,"18_6",-2.675,43.625
"18",7,"18_7",-2.7,43.625
"18",8,"18_8",-2.725,43.625
"18",9,"18_9",-2.725,43.6
"18",10,"18_10",-2.725,43.575
"18",11,"18_11",-2.75,43.575
"18",12,"18_12",-2.775,43.575
"18",13,"18_13",-2.8,43.575
"18",14,"18_14",-2.825,43.575
"18",15,"18_15",-2.85,43.575
"18",16,"18_16",-2.875,43.575
"18",17,"18_17",-2.9,43.575
"18",18,"18_18",-2.925,43.575
"18",19,"18_19",-2.95,43.575
"18",20,"18_20",-2.975,43.575
"18",21,"18_21",-2.975,43.55
"18",22,"18_22",-2.95,43.55
"18",23,"18_23",-2.9,43.55
"18",24,"18_24",-2.85,43.55
"18",25,"18_25",-2.8,43.55
"18",26,"18_26",-2.75,43.55
"18",27,"18_27",-2.75,43.5
"18",28,"18_28",-2.725,43.5
"18",29,"18_29",-2.725,43.525
"18",30,"18_30",-2.7,43.525
"18",31,"18_31",-2.7,43.525
"18",32,"18_32",-2.7,43.55
"18",33,"18_33",-2.65,43.55
"18",34,"18_34",-2.625,43.55
"19",1,"19_1",-3.6,45.625
"19",2,"19_2",-3.575,45.625
"19",3,"19_3",-3.575,45.6
"19",4,"19_4",-3.575,45.575
"19",5,"19_5",-3.55,45.575
"19",6,"19_6",-3.525,45.575
"19",7,"19_7",-3.5,45.575
"19",8,"19_8",-3.475,45.575
"19",9,"19_9",-3.475,45.6
"19",10,"19_10",-3.475,45.625
"19",11,"19_11",-3.475,45.65
"19",12,"19_12",-3.475,45.65
"19",13,"19_13",-3.5,45.65
"19",14,"19_14",-3.5,45.675
"19",15,"19_15",-3.525,45.675
"19",16,"19_16",-3.55,45.675
"19",17,"19_17",-3.575,45.675
"19",18,"19_18",-3.575,45.7
"19",19,"19_19",-3.575,45.725
"19",20,"19_20",-3.6,45.725
"19",21,"19_21",-3.625,45.725
"19",22,"19_22",-3.65,45.725
"19",23,"19_23",-3.675,45.725
"19",24,"19_24",-3.675,45.7
"19",25,"19_25",-3.675,45.675
"19",26,"19_26",-3.675,45.65
"19",27,"19_27",-3.65,45.65
"19",28,"19_28",-3.6,45.65
"19",29,"19_29",-3.6,45.625
"20",1,"20_1",-3.025,43.6
"20",2,"20_2",-3.025,43.625
"20",3,"20_3",-3.05,43.625
"20",4,"20_4",-3.075,43.625
"20",5,"20_5",-3.1,43.625
"20",6,"20_6",-3.125,43.625
"20",7,"20_7",-3.125,43.6
"20",8,"20_8",-3.125,43.575
"20",9,"20_9",-3.125,43.55
"20",10,"20_10",-3.1,43.55
"20",11,"20_11",-3.05,43.55
"20",12,"20_12",-3.05,43.6
"20",13,"20_13",-3.025,43.6
"21",1,"21_1",-3.175,43.55
"21",2,"21_2",-3.175,43.575
"21",3,"21_3",-3.2,43.575
"21",4,"21_4",-3.225,43.575
"21",5,"21_5",-3.225,43.6
"21",6,"21_6",-3.225,43.625
"21",7,"21_7",-3.25,43.625
"21",8,"21_8",-3.275,43.625
"21",9,"21_9",-3.3,43.625
"21",10,"21_10",-3.325,43.625
"21",11,"21_11",-3.35,43.625
"21",12,"21_12",-3.375,43.625
"21",13,"21_13",-3.375,43.6
"21",14,"21_14",-3.375,43.575
"21",15,"21_15",-3.375,43.55
"21",16,"21_16",-3.35,43.55
"21",17,"21_17",-3.3,43.55
"21",18,"21_18",-3.25,43.55
"21",19,"21_19",-3.2,43.55
"21",20,"21_20",-3.175,43.55
"22",1,"22_1",-3.8,45.725
"22",2,"22_2",-3.775,45.725
"22",3,"22_3",-3.75,45.725
"22",4,"22_4",-3.725,45.725
"22",5,"22_5",-3.725,45.75
"22",6,"22_6",-3.725,45.775
"22",7,"22_7",-3.725,45.8
"22",8,"22_8",-3.725,45.8
"22",9,"22_9",-3.75,45.8
"22",10,"22_10",-3.75,45.825
"22",11,"22_11",-3.775,45.825
"22",12,"22_12",-3.8,45.825
"22",13,"22_13",-3.825,45.825
"22",14,"22_14",-3.825,45.8
"22",15,"22_15",-3.825,45.775
"22",16,"22_16",-3.825,45.75
"22",17,"22_17",-3.8,45.75
"22",18,"22_18",-3.8,45.725
"23",1,"23_1",-4.075,46
"23",2,"23_2",-4.075,46.025
"23",3,"23_3",-4.1,46.025
"23",4,"23_4",-4.125,46.025
"23",5,"23_5",-4.15,46.025
"23",6,"23_6",-4.175,46.025
"23",7,"23_7",-4.2,46.025
"23",8,"23_8",-4.2,46
"23",9,"23_9",-4.15,46
"23",10,"23_10",-4.1,46
"23",11,"23_11",-4.075,46
"24",1,"24_1",-4.35,46.175
"24",2,"24_2",-4.35,46.175
"24",3,"24_3",-4.325,46.175
"24",4,"24_4",-4.3,46.175
"24",5,"24_5",-4.275,46.175
"24",6,"24_6",-4.275,46.2
"24",7,"24_7",-4.275,46.225
"24",8,"24_8",-4.275,46.25
"24",9,"24_9",-4.275,46.275
"24",10,"24_10",-4.3,46.275
"24",11,"24_11",-4.325,46.275
"24",12,"24_12",-4.35,46.275
"24",13,"24_13",-4.375,46.275
"24",14,"24_14",-4.375,46.3
"24",15,"24_15",-4.375,46.325
"24",16,"24_16",-4.4,46.325
"24",17,"24_17",-4.425,46.325
"24",18,"24_18",-4.45,46.325
"24",19,"24_19",-4.475,46.325
"24",20,"24_20",-4.475,46.3
"24",21,"24_21",-4.475,46.275
"24",22,"24_22",-4.475,46.25
"24",23,"24_23",-4.45,46.25
"24",24,"24_24",-4.4,46.25
"24",25,"24_25",-4.35,46.25
"24",26,"24_26",-4.35,46.2
"24",27,"24_27",-4.35,46.175
"25",1,"25_1",-3.875,43.7
"25",2,"25_2",-3.875,43.7
"25",3,"25_3",-3.875,43.675
"25",4,"25_4",-3.875,43.65
"25",5,"25_5",-3.875,43.625
"25",6,"25_6",-3.9,43.625
"25",7,"25_7",-3.925,43.625
"25",8,"25_8",-3.925,43.6
"25",9,"25_9",-3.925,43.575
"25",10,"25_10",-3.925,43.55
"25",11,"25_11",-3.9,43.55
"25",12,"25_12",-3.9,43.6
"25",13,"25_13",-3.85,43.6
"25",14,"25_14",-3.8,43.6
"25",15,"25_15",-3.8,43.65
"25",16,"25_16",-3.75,43.65
"25",17,"25_17",-3.725,43.65
"25",18,"25_18",-3.725,43.675
"25",19,"25_19",-3.725,43.7
"25",20,"25_20",-3.725,43.725
"25",21,"25_21",-3.75,43.725
"25",22,"25_22",-3.775,43.725
"25",23,"25_23",-3.8,43.725
"25",24,"25_24",-3.825,43.725
"25",25,"25_25",-3.85,43.725
"25",26,"25_26",-3.85,43.7
"25",27,"25_27",-3.875,43.7
"26",1,"26_1",-4.625,46.35
"26",2,"26_2",-4.625,46.375
"26",3,"26_3",-4.625,46.4
"26",4,"26_4",-4.625,46.425
"26",5,"26_5",-4.65,46.425
"26",6,"26_6",-4.675,46.425
"26",7,"26_7",-4.675,46.45
"26",8,"26_8",-4.675,46.475
"26",9,"26_9",-4.675,46.5
"26",10,"26_10",-4.675,46.5
"26",11,"26_11",-4.7,46.5
"26",12,"26_12",-4.7,46.525
"26",13,"26_13",-4.725,46.525
"26",14,"26_14",-4.75,46.525
"26",15,"26_15",-4.775,46.525
"26",16,"26_16",-4.775,46.5
"26",17,"26_17",-4.775,46.475
"26",18,"26_18",-4.775,46.45
"26",19,"26_19",-4.775,46.425
"26",20,"26_20",-4.75,46.425
"26",21,"26_21",-4.725,46.425
"26",22,"26_22",-4.725,46.4
"26",23,"26_23",-4.725,46.375
"26",24,"26_24",-4.725,46.35
"26",25,"26_25",-4.7,46.35
"26",26,"26_26",-4.65,46.35
"26",27,"26_27",-4.625,46.35
"27",1,"27_1",-4.8,46.675
"27",2,"27_2",-4.8,46.675
"27",3,"27_3",-4.825,46.675
"27",4,"27_4",-4.85,46.675
"27",5,"27_5",-4.875,46.675
"27",6,"27_6",-4.9,46.675
"27",7,"27_7",-4.925,46.675
"27",8,"27_8",-4.925,46.65
"27",9,"27_9",-4.925,46.625
"27",10,"27_10",-4.925,46.6
"27",11,"27_11",-4.925,46.575
"27",12,"27_12",-4.9,46.575
"27",13,"27_13",-4.875,46.575
"27",14,"27_14",-4.85,46.575
"27",15,"27_15",-4.85,46.6
"27",16,"27_16",-4.85,46.65
"27",17,"27_17",-4.8,46.65
"27",18,"27_18",-4.8,46.675
"28",1,"28_1",-5.35,46.875
"28",2,"28_2",-5.325,46.875
"28",3,"28_3",-5.325,46.9
"28",4,"28_4",-5.325,46.925
"28",5,"28_5",-5.325,46.95
"28",6,"28_6",-5.325,46.975
"28",7,"28_7",-5.35,46.975
"28",8,"28_8",-5.375,46.975
"28",9,"28_9",-5.4,46.975
"28",10,"28_10",-5.425,46.975
"28",11,"28_11",-5.425,46.95
"28",12,"28_12",-5.425,46.925
"28",13,"28_13",-5.425,46.9
"28",14,"28_14",-5.4,46.9
"28",15,"28_15",-5.35,46.9
"28",16,"28_16",-5.35,46.875
"29",1,"29_1",-5.15,46.725
"29",2,"29_2",-5.125,46.725
"29",3,"29_3",-5.125,46.75
"29",4,"29_4",-5.125,46.775
"29",5,"29_5",-5.125,46.8
"29",6,"29_6",-5.125,46.825
"29",7,"29_7",-5.15,46.825
"29",8,"29_8",-5.175,46.825
"29",9,"29_9",-5.175,46.85
"29",10,"29_10",-5.175,46.85
"29",11,"29_11",-5.2,46.85
"29",12,"29_12",-5.25,46.85
"29",13,"29_13",-5.25,46.9
"29",14,"29_14",-5.25,46.925
"29",15,"29_15",-5.25,46.925
"29",16,"29_16",-5.275,46.925
"29",17,"29_17",-5.275,46.9
"29",18,"29_18",-5.275,46.875
"29",19,"29_19",-5.3,46.875
"29",20,"29_20",-5.325,46.875
"29",21,"29_21",-5.325,46.85
"29",22,"29_22",-5.325,46.825
"29",23,"29_23",-5.325,46.8
"29",24,"29_24",-5.325,46.775
"29",25,"29_25",-5.3,46.775
"29",26,"29_26",-5.275,46.775
"29",27,"29_27",-5.275,46.75
"29",28,"29_28",-5.25,46.75
"29",29,"29_29",-5.2,46.75
"29",30,"29_30",-5.15,46.75
"29",31,"29_31",-5.15,46.725
"30",1,"30_1",-4.475,43.5
"30",2,"30_2",-4.475,43.525
"30",3,"30_3",-4.475,43.55
"30",4,"30_4",-4.475,43.575
"30",5,"30_5",-4.5,43.575
"30",6,"30_6",-4.525,43.575
"30",7,"30_7",-4.55,43.575
"30",8,"30_8",-4.575,43.575
"30",9,"30_9",-4.6,43.575
"30",10,"30_10",-4.6,43.575
"30",11,"30_11",-4.6,43.55
"30",12,"30_12",-4.625,43.55
"30",13,"30_13",-4.625,43.55
"30",14,"30_14",-4.625,43.525
"30",15,"30_15",-4.625,43.5
"30",16,"30_16",-4.6,43.5
"30",17,"30_17",-4.55,43.5
"30",18,"30_18",-4.5,43.5
"30",19,"30_19",-4.475,43.5
"31",1,"31_1",-4.725,43.65
"31",2,"31_2",-4.725,43.675
"31",3,"31_3",-4.725,43.7
"31",4,"31_4",-4.725,43.725
"31",5,"31_5",-4.75,43.725
"31",6,"31_6",-4.775,43.725
"31",7,"31_7",-4.8,43.725
"31",8,"31_8",-4.825,43.725
"31",9,"31_9",-4.85,43.725
"31",10,"31_10",-4.875,43.725
"31",11,"31_11",-4.875,43.7
"31",12,"31_12",-4.875,43.675
"31",13,"31_13",-4.875,43.65
"31",14,"31_14",-4.85,43.65
"31",15,"31_15",-4.8,43.65
"31",16,"31_16",-4.75,43.65
"31",17,"31_17",-4.725,43.65
"32",1,"32_1",-5.225,43.95
"32",2,"32_2",-5.225,43.95
"32",3,"32_3",-5.225,43.925
"32",4,"32_4",-5.225,43.9
"32",5,"32_5",-5.225,43.875
"32",6,"32_6",-5.2,43.875
"32",7,"32_7",-5.175,43.875
"32",8,"32_8",-5.15,43.875
"32",9,"32_9",-5.125,43.875
"32",10,"32_10",-5.1,43.875
"32",11,"32_11",-5.075,43.875
"32",12,"32_12",-5.075,43.85
"32",13,"32_13",-5.075,43.825
"32",14,"32_14",-5.1,43.825
"32",15,"32_15",-5.125,43.825
"32",16,"32_16",-5.125,43.8
"32",17,"32_17",-5.125,43.775
"32",18,"32_18",-5.125,43.75
"32",19,"32_19",-5.1,43.75
"32",20,"32_20",-5.05,43.75
"32",21,"32_21",-5,43.75
"32",22,"32_22",-4.95,43.75
"32",23,"32_23",-4.95,43.7
"32",24,"32_24",-5,43.7
"32",25,"32_25",-5.05,43.7
"32",26,"32_26",-5.075,43.7
"32",27,"32_27",-5.075,43.7
"32",28,"32_28",-5.075,43.675
"32",29,"32_29",-5.05,43.675
"32",30,"32_30",-5.025,43.675
"32",31,"32_31",-5.025,43.65
"32",32,"32_32",-5.025,43.625
"32",33,"32_33",-5.025,43.6
"32",34,"32_34",-5,43.6
"32",35,"32_35",-4.95,43.6
"32",36,"32_36",-4.925,43.6
"32",37,"32_37",-4.925,43.625
"32",38,"32_38",-4.925,43.65
"32",39,"32_39",-4.925,43.675
"32",40,"32_40",-4.925,43.7
"32",41,"32_41",-4.925,43.725
"32",42,"32_42",-4.925,43.75
"32",43,"32_43",-4.925,43.775
"32",44,"32_44",-4.95,43.775
"32",45,"32_45",-4.975,43.775
"32",46,"32_46",-4.975,43.8
"32",47,"32_47",-4.975,43.825
"32",48,"32_48",-4.975,43.85
"32",49,"32_49",-4.975,43.85
"32",50,"32_50",-5,43.85
"32",51,"32_51",-5,43.875
"32",52,"32_52",-5.025,43.875
"32",53,"32_53",-5.025,43.9
"32",54,"32_54",-5.025,43.9
"32",55,"32_55",-5.05,43.9
"32",56,"32_56",-5.05,43.95
"32",57,"32_57",-5.1,43.95
"32",58,"32_58",-5.15,43.95
"32",59,"32_59",-5.2,43.95
"32",60,"32_60",-5.225,43.95
"33",1,"33_1",-6.25,47.275
"33",2,"33_2",-6.225,47.275
"33",3,"33_3",-6.225,47.3
"33",4,"33_4",-6.225,47.325
"33",5,"33_5",-6.225,47.35
"33",6,"33_6",-6.225,47.375
"33",7,"33_7",-6.25,47.375
"33",8,"33_8",-6.275,47.375
"33",9,"33_9",-6.3,47.375
"33",10,"33_10",-6.325,47.375
"33",11,"33_11",-6.35,47.375
"33",12,"33_12",-6.375,47.375
"33",13,"33_13",-6.375,47.4
"33",14,"33_14",-6.375,47.4
"33",15,"33_15",-6.4,47.4
"33",16,"33_16",-6.4,47.425
"33",17,"33_17",-6.425,47.425
"33",18,"33_18",-6.45,47.425
"33",19,"33_19",-6.475,47.425
"33",20,"33_20",-6.5,47.425
"33",21,"33_21",-6.525,47.425
"33",22,"33_22",-6.525,47.4
"33",23,"33_23",-6.525,47.375
"33",24,"33_24",-6.525,47.35
"33",25,"33_25",-6.5,47.35
"33",26,"33_26",-6.45,47.35
"33",27,"33_27",-6.4,47.35
"33",28,"33_28",-6.4,47.3
"33",29,"33_29",-6.35,47.3
"33",30,"33_30",-6.3,47.3
"33",31,"33_31",-6.25,47.3
"33",32,"33_32",-6.25,47.275
"34",1,"34_1",-5.875,43.95
"34",2,"34_2",-5.875,43.95
"34",3,"34_3",-5.875,43.925
"34",4,"34_4",-5.9,43.925
"34",5,"34_5",-5.925,43.925
"34",6,"34_6",-5.95,43.925
"34",7,"34_7",-5.975,43.925
"34",8,"34_8",-5.975,43.9
"34",9,"34_9",-5.975,43.875
"34",10,"34_10",-5.975,43.85
"34",11,"34_11",-5.95,43.85
"34",12,"34_12",-5.95,43.825
"34",13,"34_13",-5.925,43.825
"34",14,"34_14",-5.9,43.825
"34",15,"34_15",-5.9,43.85
"34",16,"34_16",-5.875,43.85
"34",17,"34_17",-5.875,43.875
"34",18,"34_18",-5.85,43.875
"34",19,"34_19",-5.825,43.875
"34",20,"34_20",-5.825,43.85
"34",21,"34_21",-5.8,43.85
"34",22,"34_22",-5.75,43.85
"34",23,"34_23",-5.7,43.85
"34",24,"34_24",-5.7,43.9
"34",25,"34_25",-5.65,43.9
"34",26,"34_26",-5.6,43.9
"34",27,"34_27",-5.55,43.9
"34",28,"34_28",-5.55,43.85
"34",29,"34_29",-5.525,43.85
"34",30,"34_30",-5.525,43.875
"34",31,"34_31",-5.5,43.875
"34",32,"34_32",-5.475,43.875
"34",33,"34_33",-5.475,43.85
"34",34,"34_34",-5.45,43.85
"34",35,"34_35",-5.4,43.85
"34",36,"34_36",-5.35,43.85
"34",37,"34_37",-5.3,43.85
"34",38,"34_38",-5.275,43.85
"34",39,"34_39",-5.275,43.875
"34",40,"34_40",-5.275,43.9
"34",41,"34_41",-5.275,43.925
"34",42,"34_42",-5.3,43.925
"34",43,"34_43",-5.325,43.925
"34",44,"34_44",-5.35,43.925
"34",45,"34_45",-5.375,43.925
"34",46,"34_46",-5.4,43.925
"34",47,"34_47",-5.425,43.925
"34",48,"34_48",-5.425,43.95
"34",49,"34_49",-5.425,43.975
"34",50,"34_50",-5.425,44
"34",51,"34_51",-5.425,44
"34",52,"34_52",-5.45,44
"34",53,"34_53",-5.5,44
"34",54,"34_54",-5.55,44
"34",55,"34_55",-5.55,44.025
"34",56,"34_56",-5.575,44.025
"34",57,"34_57",-5.6,44.025
"34",58,"34_58",-5.625,44.025
"34",59,"34_59",-5.65,44.025
"34",60,"34_60",-5.675,44.025
"34",61,"34_61",-5.675,44.05
"34",62,"34_62",-5.675,44.05
"34",63,"34_63",-5.7,44.05
"34",64,"34_64",-5.75,44.05
"34",65,"34_65",-5.75,44
"34",66,"34_66",-5.8,44
"34",67,"34_67",-5.8,43.95
"34",68,"34_68",-5.85,43.95
"34",69,"34_69",-5.875,43.95
"35",1,"35_1",-6.575,47.35
"35",2,"35_2",-6.575,47.375
"35",3,"35_3",-6.575,47.4
"35",4,"35_4",-6.575,47.425
"35",5,"35_5",-6.575,47.45
"35",6,"35_6",-6.575,47.475
"35",7,"35_7",-6.6,47.475
"35",8,"35_8",-6.625,47.475
"35",9,"35_9",-6.65,47.475
"35",10,"35_10",-6.675,47.475
"35",11,"35_11",-6.675,47.45
"35",12,"35_12",-6.675,47.425
"35",13,"35_13",-6.675,47.4
"35",14,"35_14",-6.65,47.4
"35",15,"35_15",-6.65,47.35
"35",16,"35_16",-6.6,47.35
"35",17,"35_17",-6.575,47.35
"36",1,"36_1",-6.85,47.425
"36",2,"36_2",-6.825,47.425
"36",3,"36_3",-6.825,47.45
"36",4,"36_4",-6.825,47.475
"36",5,"36_5",-6.825,47.5
"36",6,"36_6",-6.825,47.525
"36",7,"36_7",-6.85,47.525
"36",8,"36_8",-6.875,47.525
"36",9,"36_9",-6.9,47.525
"36",10,"36_10",-6.925,47.525
"36",11,"36_11",-6.925,47.5
"36",12,"36_12",-6.925,47.475
"36",13,"36_13",-6.925,47.45
"36",14,"36_14",-6.9,47.45
"36",15,"36_15",-6.85,47.45
"36",16,"36_16",-6.85,47.425
"37",1,"37_1",-7.075,47.45
"37",2,"37_2",-7.075,47.475
"37",3,"37_3",-7.05,47.475
"37",4,"37_4",-7.025,47.475
"37",5,"37_5",-7,47.475
"37",6,"37_6",-6.975,47.475
"37",7,"37_7",-6.975,47.5
"37",8,"37_8",-6.975,47.525
"37",9,"37_9",-6.975,47.55
"37",10,"37_10",-6.975,47.55
"37",11,"37_11",-7,47.55
"37",12,"37_12",-7,47.575
"37",13,"37_13",-7.025,47.575
"37",14,"37_14",-7.05,47.575
"37",15,"37_15",-7.075,47.575
"37",16,"37_16",-7.1,47.575
"37",17,"37_17",-7.125,47.575
"37",18,"37_18",-7.15,47.575
"37",19,"37_19",-7.175,47.575
"37",20,"37_20",-7.175,47.55
"37",21,"37_21",-7.175,47.525
"37",22,"37_22",-7.175,47.5
"37",23,"37_23",-7.175,47.475
"37",24,"37_24",-7.175,47.45
"37",25,"37_25",-7.15,47.45
"37",26,"37_26",-7.1,47.45
"37",27,"37_27",-7.075,47.45
"38",1,"38_1",-6.625,44
"38",2,"38_2",-6.625,44
"38",3,"38_3",-6.625,43.975
"38",4,"38_4",-6.6,43.975
"38",5,"38_5",-6.575,43.975
"38",6,"38_6",-6.575,43.95
"38",7,"38_7",-6.575,43.925
"38",8,"38_8",-6.575,43.9
"38",9,"38_9",-6.55,43.9
"38",10,"38_10",-6.55,43.85
"38",11,"38_11",-6.55,43.8
"38",12,"38_12",-6.525,43.8
"38",13,"38_13",-6.525,43.825
"38",14,"38_14",-6.5,43.825
"38",15,"38_15",-6.475,43.825
"38",16,"38_16",-6.45,43.825
"38",17,"38_17",-6.425,43.825
"38",18,"38_18",-6.4,43.825
"38",19,"38_19",-6.375,43.825
"38",20,"38_20",-6.375,43.8
"38",21,"38_21",-6.375,43.775
"38",22,"38_22",-6.4,43.775
"38",23,"38_23",-6.4,43.75
"38",24,"38_24",-6.35,43.75
"38",25,"38_25",-6.3,43.75
"38",26,"38_26",-6.3,43.725
"38",27,"38_27",-6.275,43.725
"38",28,"38_28",-6.25,43.725
"38",29,"38_29",-6.225,43.725
"38",30,"38_30",-6.225,43.7
"38",31,"38_31",-6.2,43.7
"38",32,"38_32",-6.15,43.7
"38",33,"38_33",-6.1,43.7
"38",34,"38_34",-6.05,43.7
"38",35,"38_35",-6.05,43.75
"38",36,"38_36",-6.05,43.8
"38",37,"38_37",-6.05,43.825
"38",38,"38_38",-6.05,43.825
"38",39,"38_39",-6.075,43.825
"38",40,"38_40",-6.075,43.85
"38",41,"38_41",-6.075,43.875
"38",42,"38_42",-6.075,43.9
"38",43,"38_43",-6.075,43.925
"38",44,"38_44",-6.1,43.925
"38",45,"38_45",-6.125,43.925
"38",46,"38_46",-6.15,43.925
"38",47,"38_47",-6.175,43.925
"38",48,"38_48",-6.175,43.95
"38",49,"38_49",-6.175,43.95
"38",50,"38_50",-6.2,43.95
"38",51,"38_51",-6.25,43.95
"38",52,"38_52",-6.25,43.9
"38",53,"38_53",-6.25,43.85
"38",54,"38_54",-6.3,43.85
"38",55,"38_55",-6.35,43.85
"38",56,"38_56",-6.4,43.85
"38",57,"38_57",-6.4,43.9
"38",58,"38_58",-6.45,43.9
"38",59,"38_59",-6.45,43.95
"38",60,"38_60",-6.5,43.95
"38",61,"38_61",-6.5,44
"38",62,"38_62",-6.55,44
"38",63,"38_63",-6.6,44
"38",64,"38_64",-6.625,44
"39",1,"39_1",-7.4,47.525
"39",2,"39_2",-7.375,47.525
"39",3,"39_3",-7.35,47.525
"39",4,"39_4",-7.325,47.525
"39",5,"39_5",-7.3,47.525
"39",6,"39_6",-7.275,47.525
"39",7,"39_7",-7.275,47.55
"39",8,"39_8",-7.275,47.575
"39",9,"39_9",-7.275,47.6
"39",10,"39_10",-7.275,47.6
"39",11,"39_11",-7.3,47.6
"39",12,"39_12",-7.35,47.6
"39",13,"39_13",-7.35,47.625
"39",14,"39_14",-7.375,47.625
"39",15,"39_15",-7.4,47.625
"39",16,"39_16",-7.425,47.625
"39",17,"39_17",-7.425,47.6
"39",18,"39_18",-7.425,47.575
"39",19,"39_19",-7.425,47.55
"39",20,"39_20",-7.4,47.55
"39",21,"39_21",-7.4,47.525
"40",1,"40_1",-7.475,47.55
"40",2,"40_2",-7.475,47.575
"40",3,"40_3",-7.475,47.6
"40",4,"40_4",-7.475,47.625
"40",5,"40_5",-7.475,47.65
"40",6,"40_6",-7.475,47.675
"40",7,"40_7",-7.5,47.675
"40",8,"40_8",-7.525,47.675
"40",9,"40_9",-7.55,47.675
"40",10,"40_10",-7.575,47.675
"40",11,"40_11",-7.6,47.675
"40",12,"40_12",-7.625,47.675
"40",13,"40_13",-7.65,47.675
"40",14,"40_14",-7.65,47.65
"40",15,"40_15",-7.65,47.6
"40",16,"40_16",-7.6,47.6
"40",17,"40_17",-7.6,47.575
"40",18,"40_18",-7.6,47.575
"40",19,"40_19",-7.575,47.575
"40",20,"40_20",-7.575,47.55
"40",21,"40_21",-7.55,47.55
"40",22,"40_22",-7.5,47.55
"40",23,"40_23",-7.475,47.55
"41",1,"41_1",-7.65,47.775
"41",2,"41_2",-7.65,47.775
"41",3,"41_3",-7.625,47.775
"41",4,"41_4",-7.6,47.775
"41",5,"41_5",-7.575,47.775
"41",6,"41_6",-7.575,47.8
"41",7,"41_7",-7.575,47.825
"41",8,"41_8",-7.575,47.85
"41",9,"41_9",-7.575,47.875
"41",10,"41_10",-7.6,47.875
"41",11,"41_11",-7.625,47.875
"41",12,"41_12",-7.65,47.875
"41",13,"41_13",-7.675,47.875
"41",14,"41_14",-7.7,47.875
"41",15,"41_15",-7.725,47.875
"41",16,"41_16",-7.725,47.85
"41",17,"41_17",-7.725,47.825
"41",18,"41_18",-7.725,47.8
"41",19,"41_19",-7.725,47.775
"41",20,"41_20",-7.7,47.775
"41",21,"41_21",-7.7,47.775
"41",22,"41_22",-7.7,47.8
"41",23,"41_23",-7.65,47.8
"41",24,"41_24",-7.65,47.775
"42",1,"42_1",-8.025,47.7
"42",2,"42_2",-8.025,47.725
"42",3,"42_3",-8.025,47.75
"42",4,"42_4",-8.025,47.775
"42",5,"42_5",-8.025,47.8
"42",6,"42_6",-8.025,47.825
"42",7,"42_7",-8,47.825
"42",8,"42_8",-7.975,47.825
"42",9,"42_9",-7.975,47.85
"42",10,"42_10",-7.975,47.875
"42",11,"42_11",-7.975,47.9
"42",12,"42_12",-7.975,47.925
"42",13,"42_13",-8,47.925
"42",14,"42_14",-8.025,47.925
"42",15,"42_15",-8.05,47.925
"42",16,"42_16",-8.075,47.925
"42",17,"42_17",-8.075,47.9
"42",18,"42_18",-8.075,47.875
"42",19,"42_19",-8.1,47.875
"42",20,"42_20",-8.125,47.875
"42",21,"42_21",-8.125,47.9
"42",22,"42_22",-8.125,47.925
"42",23,"42_23",-8.15,47.925
"42",24,"42_24",-8.175,47.925
"42",25,"42_25",-8.2,47.925
"42",26,"42_26",-8.2,47.9
"42",27,"42_27",-8.15,47.9
"42",28,"42_28",-8.15,47.85
"42",29,"42_29",-8.1,47.85
"42",30,"42_30",-8.1,47.8
"42",31,"42_31",-8.1,47.75
"42",32,"42_32",-8.05,47.75
"42",33,"42_33",-8.05,47.7
"42",34,"42_34",-8.025,47.7
"43",1,"43_1",-8.275,48.05
"43",2,"43_2",-8.275,48.075
"43",3,"43_3",-8.275,48.1
"43",4,"43_4",-8.275,48.125
"43",5,"43_5",-8.3,48.125
"43",6,"43_6",-8.325,48.125
"43",7,"43_7",-8.35,48.125
"43",8,"43_8",-8.375,48.125
"43",9,"43_9",-8.375,48.1
"43",10,"43_10",-8.375,48.075
"43",11,"43_11",-8.375,48.05
"43",12,"43_12",-8.375,48.025
"43",13,"43_13",-8.35,48.025
"43",14,"43_14",-8.325,48.025
"43",15,"43_15",-8.3,48.025
"43",16,"43_16",-8.275,48.025
"43",17,"43_17",-8.275,48.05
"44",1,"44_1",-8.5,48.025
"44",2,"44_2",-8.475,48.025
"44",3,"44_3",-8.45,48.025
"44",4,"44_4",-8.425,48.025
"44",5,"44_5",-8.425,48.05
"44",6,"44_6",-8.425,48.075
"44",7,"44_7",-8.425,48.1
"44",8,"44_8",-8.425,48.125
"44",9,"44_9",-8.45,48.125
"44",10,"44_10",-8.475,48.125
"44",11,"44_11",-8.5,48.125
"44",12,"44_12",-8.525,48.125
"44",13,"44_13",-8.525,48.1
"44",14,"44_14",-8.525,48.075
"44",15,"44_15",-8.525,48.05
"44",16,"44_16",-8.525,48.025
"44",17,"44_17",-8.5,48.025
"45",1,"45_1",-7.2,44.125
"45",2,"45_2",-7.225,44.125
"45",3,"45_3",-7.225,44.1
"45",4,"45_4",-7.225,44.075
"45",5,"45_5",-7.225,44.05
"45",6,"45_6",-7.225,44.025
"45",7,"45_7",-7.225,44
"45",8,"45_8",-7.2,44
"45",9,"45_9",-7.15,44
"45",10,"45_10",-7.1,44
"45",11,"45_11",-7.075,44
"45",12,"45_12",-7.075,44.025
"45",13,"45_13",-7.075,44.05
"45",14,"45_14",-7.075,44.05
"45",15,"45_15",-7.1,44.05
"45",16,"45_16",-7.15,44.05
"45",17,"45_17",-7.15,44.1
"45",18,"45_18",-7.2,44.1
"45",19,"45_19",-7.2,44.125
"45",20,"45_20",-7.2,44.125
"46",1,"46_1",-8.8,48.075
"46",2,"46_2",-8.775,48.075
"46",3,"46_3",-8.775,48.1
"46",4,"46_4",-8.775,48.125
"46",5,"46_5",-8.775,48.15
"46",6,"46_6",-8.775,48.175
"46",7,"46_7",-8.8,48.175
"46",8,"46_8",-8.825,48.175
"46",9,"46_9",-8.85,48.175
"46",10,"46_10",-8.875,48.175
"46",11,"46_11",-8.875,48.15
"46",12,"46_12",-8.875,48.125
"46",13,"46_13",-8.875,48.1
"46",14,"46_14",-8.85,48.1
"46",15,"46_15",-8.8,48.1
"46",16,"46_16",-8.8,48.075
"47",1,"47_1",-9.05,48.125
"47",2,"47_2",-9.025,48.125
"47",3,"47_3",-9.025,48.15
"47",4,"47_4",-9.025,48.175
"47",5,"47_5",-9.025,48.2
"47",6,"47_6",-9.025,48.225
"47",7,"47_7",-9.05,48.225
"47",8,"47_8",-9.075,48.225
"47",9,"47_9",-9.1,48.225
"47",10,"47_10",-9.125,48.225
"47",11,"47_11",-9.125,48.236
"47",12,"47_12",-9.325,48.18
"47",13,"47_13",-9.325,48.175
"47",14,"47_14",-9.3,48.175
"47",15,"47_15",-9.275,48.175
"47",16,"47_16",-9.25,48.175
"47",17,"47_17",-9.225,48.175
"47",18,"47_18",-9.225,48.15
"47",19,"47_19",-9.225,48.125
"47",20,"47_20",-9.225,48.1
"47",21,"47_21",-9.2,48.1
"47",22,"47_22",-9.15,48.1
"47",23,"47_23",-9.15,48.15
"47",24,"47_24",-9.1,48.15
"47",25,"47_25",-9.05,48.15
"47",26,"47_26",-9.05,48.125
"48",1,"48_1",-7.825,44.15
"48",2,"48_2",-7.825,44.15
"48",3,"48_3",-7.825,44.125
"48",4,"48_4",-7.8,44.125
"48",5,"48_5",-7.775,44.125
"48",6,"48_6",-7.75,44.125
"48",7,"48_7",-7.725,44.125
"48",8,"48_8",-7.725,44.15
"48",9,"48_9",-7.725,44.15
"48",10,"48_10",-7.75,44.15
"48",11,"48_11",-7.8,44.15
"48",12,"48_12",-7.825,44.15
"49",1,"49_1",-7.975,44.15
"49",2,"49_2",-7.975,44.15
"49",3,"49_3",-7.975,44.125
"49",4,"49_4",-7.975,44.1
"49",5,"49_5",-7.975,44.075
"49",6,"49_6",-7.95,44.075
"49",7,"49_7",-7.925,44.075
"49",8,"49_8",-7.9,44.075
"49",9,"49_9",-7.875,44.075
"49",10,"49_10",-7.875,44.1
"49",11,"49_11",-7.875,44.125
"49",12,"49_12",-7.875,44.15
"49",13,"49_13",-7.875,44.15
"49",14,"49_14",-7.9,44.15
"49",15,"49_15",-7.95,44.15
"49",16,"49_16",-7.975,44.15
"50",1,"50_1",-8.775,44.2
"50",2,"50_2",-8.775,44.2
"50",3,"50_3",-8.775,44.175
"50",4,"50_4",-8.75,44.175
"50",5,"50_5",-8.725,44.175
"50",6,"50_6",-8.725,44.15
"50",7,"50_7",-8.725,44.125
"50",8,"50_8",-8.7,44.125
"50",9,"50_9",-8.675,44.125
"50",10,"50_10",-8.65,44.125
"50",11,"50_11",-8.625,44.125
"50",12,"50_12",-8.625,44.15
"50",13,"50_13",-8.625,44.175
"50",14,"50_14",-8.625,44.2
"50",15,"50_15",-8.625,44.225
"50",16,"50_16",-8.65,44.225
"50",17,"50_17",-8.675,44.225
"50",18,"50_18",-8.675,44.25
"50",19,"50_19",-8.675,44.25
"50",20,"50_20",-8.7,44.25
"50",21,"50_21",-8.75,44.25
"50",22,"50_22",-8.75,44.2
"50",23,"50_23",-8.775,44.2
"51",1,"51_1",-6.9,36.675
"51",2,"51_2",-6.925,36.675
"51",3,"51_3",-6.95,36.675
"51",4,"51_4",-6.975,36.675
"51",5,"51_5",-6.975,36.65
"51",6,"51_6",-6.975,36.625
"51",7,"51_7",-7,36.625
"51",8,"51_8",-7.025,36.625
"51",9,"51_9",-7.025,36.6
"51",10,"51_10",-7.025,36.575
"51",11,"51_11",-7.025,36.55
"51",12,"51_12",-7.025,36.525
"51",13,"51_13",-7,36.525
"51",14,"51_14",-6.975,36.525
"51",15,"51_15",-6.95,36.525
"51",16,"51_16",-6.925,36.525
"51",17,"51_17",-6.9,36.525
"51",18,"51_18",-6.875,36.525
"51",19,"51_19",-6.875,36.55
"51",20,"51_20",-6.875,36.575
"51",21,"51_21",-6.875,36.6
"51",22,"51_22",-6.875,36.6
"51",23,"51_23",-6.9,36.6
"51",24,"51_24",-6.9,36.65
"51",25,"51_25",-6.9,36.675
"52",1,"52_1",-9.3,43.475
"52",2,"52_2",-9.275,43.475
"52",3,"52_3",-9.275,43.5
"52",4,"52_4",-9.275,43.525
"52",5,"52_5",-9.275,43.55
"52",6,"52_6",-9.275,43.575
"52",7,"52_7",-9.3,43.575
"52",8,"52_8",-9.325,43.575
"52",9,"52_9",-9.35,43.575
"52",10,"52_10",-9.375,43.575
"52",11,"52_11",-9.375,43.55
"52",12,"52_12",-9.375,43.525
"52",13,"52_13",-9.375,43.5
"52",14,"52_14",-9.375,43.475
"52",15,"52_15",-9.35,43.475
"52",16,"52_16",-9.325,43.475
"52",17,"52_17",-9.3,43.475
"53",1,"53_1",-9.325,43.4
"53",2,"53_2",-9.325,43.425
"53",3,"53_3",-9.35,43.425
"53",4,"53_4",-9.375,43.425
"53",5,"53_5",-9.4,43.425
"53",6,"53_6",-9.425,43.425
"53",7,"53_7",-9.425,43.4
"53",8,"53_8",-9.425,43.375
"53",9,"53_9",-9.425,43.35
"53",10,"53_10",-9.4,43.35
"53",11,"53_11",-9.4,43.4
"53",12,"53_12",-9.35,43.4
"53",13,"53_13",-9.325,43.4
"54",1,"54_1",-9.6,42.675
"54",2,"54_2",-9.6,42.675
"54",3,"54_3",-9.575,42.675
"54",4,"54_4",-9.55,42.675
"54",5,"54_5",-9.525,42.675
"54",6,"54_6",-9.525,42.7
"54",7,"54_7",-9.525,42.725
"54",8,"54_8",-9.5,42.725
"54",9,"54_9",-9.5,42.75
"54",10,"54_10",-9.55,42.75
"54",11,"54_11",-9.55,42.8
"54",12,"54_12",-9.55,42.825
"54",13,"54_13",-9.55,42.825
"54",14,"54_14",-9.575,42.825
"54",15,"54_15",-9.575,42.8
"54",16,"54_16",-9.575,42.775
"54",17,"54_17",-9.6,42.775
"54",18,"54_18",-9.625,42.775
"54",19,"54_19",-9.625,42.75
"54",20,"54_20",-9.625,42.725
"54",21,"54_21",-9.625,42.7
"54",22,"54_22",-9.6,42.7
"54",23,"54_23",-9.6,42.675
"55",1,"55_1",-9.45,42.475
"55",2,"55_2",-9.425,42.475
"55",3,"55_3",-9.4,42.475
"55",4,"55_4",-9.4,42.475
"55",5,"55_5",-9.4,42.5
"55",6,"55_6",-9.4,42.55
"55",7,"55_7",-9.4,42.575
"55",8,"55_8",-9.425,42.575
"55",9,"55_9",-9.45,42.575
"55",10,"55_10",-9.475,42.575
"55",11,"55_11",-9.475,42.55
"55",12,"55_12",-9.475,42.525
"55",13,"55_13",-9.475,42.5
"55",14,"55_14",-9.45,42.5
"55",15,"55_15",-9.45,42.475
"56",1,"56_1",-9.65,42.975
"56",2,"56_2",-9.625,42.975
"56",3,"56_3",-9.625,42.95
"56",4,"56_4",-9.625,42.925
"56",5,"56_5",-9.625,42.9
"56",6,"56_6",-9.625,42.875
"56",7,"56_7",-9.6,42.875
"56",8,"56_8",-9.575,42.875
"56",9,"56_9",-9.55,42.875
"56",10,"56_10",-9.55,42.9
"56",11,"56_11",-9.55,42.95
"56",12,"56_12",-9.525,42.95
"56",13,"56_13",-9.525,42.975
"56",14,"56_14",-9.55,42.975
"56",15,"56_15",-9.575,42.975
"56",16,"56_16",-9.575,43
"56",17,"56_17",-9.575,43.025
"56",18,"56_18",-9.55,43.025
"56",19,"56_19",-9.525,43.025
"56",20,"56_20",-9.525,43.05
"56",21,"56_21",-9.525,43.05
"56",22,"56_22",-9.55,43.05
"56",23,"56_23",-9.55,43.1
"56",24,"56_24",-9.55,43.125
"56",25,"56_25",-9.575,43.125
"56",26,"56_26",-9.6,43.125
"56",27,"56_27",-9.625,43.125
"56",28,"56_28",-9.625,43.1
"56",29,"56_29",-9.625,43.075
"56",30,"56_30",-9.65,43.075
"56",31,"56_31",-9.65,43.05
"56",32,"56_32",-9.65,43
"56",33,"56_33",-9.65,42.975
"57",1,"57_1",-9.45,42.125
"57",2,"57_2",-9.425,42.125
"57",3,"57_3",-9.425,42.1
"57",4,"57_4",-9.425,42.075
"57",5,"57_5",-9.425,42.05
"57",6,"57_6",-9.425,42.025
"57",7,"57_7",-9.425,42
"57",8,"57_8",-9.425,41.975
"57",9,"57_9",-9.4,41.975
"57",10,"57_10",-9.375,41.975
"57",11,"57_11",-9.35,41.975
"57",12,"57_12",-9.35,42
"57",13,"57_13",-9.35,42.05
"57",14,"57_14",-9.35,42.1
"57",15,"57_15",-9.35,42.125
"57",16,"57_16",-9.35,42.125
"57",17,"57_17",-9.375,42.125
"57",18,"57_18",-9.375,42.15
"57",19,"57_19",-9.375,42.15
"57",20,"57_20",-9.4,42.15
"57",21,"57_21",-9.4,42.2
"57",22,"57_22",-9.4,42.25
"57",23,"57_23",-9.4,42.3
"57",24,"57_24",-9.4,42.325
"57",25,"57_25",-9.425,42.325
"57",26,"57_26",-9.45,42.325
"57",27,"57_27",-9.475,42.325
"57",28,"57_28",-9.5,42.325
"57",29,"57_29",-9.5,42.3
"57",30,"57_30",-9.5,42.25
"57",31,"57_31",-9.5,42.225
"57",32,"57_32",-9.475,42.225
"57",33,"57_33",-9.475,42.2
"57",34,"57_34",-9.475,42.175
"57",35,"57_35",-9.475,42.15
"57",36,"57_36",-9.45,42.15
"57",37,"57_37",-9.45,42.125
"58",1,"58_1",-9.3,41.475
"58",2,"58_2",-9.275,41.475
"58",3,"58_3",-9.275,41.5
"58",4,"58_4",-9.275,41.525
"58",5,"58_5",-9.275,41.55
"58",6,"58_6",-9.275,41.575
"58",7,"58_7",-9.3,41.575
"58",8,"58_8",-9.3,41.575
"58",9,"58_9",-9.3,41.55
"58",10,"58_10",-9.3,41.5
"58",11,"58_11",-9.3,41.475
"58",12,"58_12",-9.3,41.475
"59",1,"59_1",-9.475,40.55
"59",2,"59_2",-9.475,40.55
"59",3,"59_3",-9.475,40.525
"59",4,"59_4",-9.45,40.525
"59",5,"59_5",-9.425,40.525
"59",6,"59_6",-9.4,40.525
"59",7,"59_7",-9.375,40.525
"59",8,"59_8",-9.375,40.55
"59",9,"59_9",-9.375,40.575
"59",10,"59_10",-9.375,40.6
"59",11,"59_11",-9.375,40.625
"59",12,"59_12",-9.4,40.625
"59",13,"59_13",-9.4,40.625
"59",14,"59_14",-9.4,40.6
"59",15,"59_15",-9.4,40.55
"59",16,"59_16",-9.45,40.55
"59",17,"59_17",-9.475,40.55
"60",1,"60_1",-8.725,36.675
"60",2,"60_2",-8.7,36.675
"60",3,"60_3",-8.675,36.675
"60",4,"60_4",-8.65,36.675
"60",5,"60_5",-8.625,36.675
"60",6,"60_6",-8.625,36.7
"60",7,"60_7",-8.625,36.725
"60",8,"60_8",-8.625,36.75
"60",9,"60_9",-8.625,36.775
"60",10,"60_10",-8.65,36.775
"60",11,"60_11",-8.675,36.775
"60",12,"60_12",-8.7,36.775
"60",13,"60_13",-8.725,36.775
"60",14,"60_14",-8.725,36.75
"60",15,"60_15",-8.725,36.725
"60",16,"60_16",-8.725,36.7
"60",17,"60_17",-8.725,36.675
"61",1,"61_1",-9.225,37.825
"61",2,"61_2",-9.225,37.85
"61",3,"61_3",-9.225,37.875
"61",4,"61_4",-9.225,37.9
"61",5,"61_5",-9.225,37.925
"61",6,"61_6",-9.25,37.925
"61",7,"61_7",-9.275,37.925
"61",8,"61_8",-9.3,37.925
"61",9,"61_9",-9.325,37.925
"61",10,"61_10",-9.325,37.9
"61",11,"61_11",-9.325,37.875
"61",12,"61_12",-9.325,37.85
"61",13,"61_13",-9.325,37.825
"61",14,"61_14",-9.3,37.825
"61",15,"61_15",-9.275,37.825
"61",16,"61_16",-9.25,37.825
"61",17,"61_17",-9.225,37.825
"62",1,"62_1",-9.325,36.95
"62",2,"62_2",-9.325,36.95
"62",3,"62_3",-9.325,36.925
"62",4,"62_4",-9.325,36.9
"62",5,"62_5",-9.325,36.875
"62",6,"62_6",-9.325,36.85
"62",7,"62_7",-9.325,36.825
"62",8,"62_8",-9.3,36.825
"62",9,"62_9",-9.275,36.825
"62",10,"62_10",-9.25,36.825
"62",11,"62_11",-9.225,36.825
"62",12,"62_12",-9.225,36.85
"62",13,"62_13",-9.225,36.875
"62",14,"62_14",-9.225,36.9
"62",15,"62_15",-9.225,36.925
"62",16,"62_16",-9.225,36.95
"62",17,"62_17",-9.225,36.975
"62",18,"62_18",-9.25,36.975
"62",19,"62_19",-9.25,36.95
"62",20,"62_20",-9.3,36.95
"62",21,"62_21",-9.325,36.95
"63",1,"63_1",-9.3,56.175
"63",2,"63_2",-9.275,56.175
"63",3,"63_3",-9.25,56.175
"63",4,"63_4",-9.225,56.175
"63",5,"63_5",-9.225,56.15
"63",6,"63_6",-9.225,56.125
"63",7,"63_7",-9.2,56.125
"63",8,"63_8",-9.2,56.15
"63",9,"63_9",-9.15,56.15
"63",10,"63_10",-9.15,56.2
"63",11,"63_11",-9.15,56.25
"63",12,"63_12",-9.15,56.275
"63",13,"63_13",-9.15,56.275
"63",14,"63_14",-9.175,56.275
"63",15,"63_15",-9.2,56.275
"63",16,"63_16",-9.225,56.275
"63",17,"63_17",-9.25,56.275
"63",18,"63_18",-9.275,56.275
"63",19,"63_19",-9.3,56.275
"63",20,"63_20",-9.3,56.25
"63",21,"63_21",-9.3,56.2
"63",22,"63_22",-9.3,56.175
"64",1,"64_1",-9.45,55.875
"64",2,"64_2",-9.425,55.875
"64",3,"64_3",-9.425,55.85
"64",4,"64_4",-9.425,55.825
"64",5,"64_5",-9.425,55.8
"64",6,"64_6",-9.425,55.775
"64",7,"64_7",-9.4,55.775
"64",8,"64_8",-9.375,55.775
"64",9,"64_9",-9.35,55.775
"64",10,"64_10",-9.325,55.775
"64",11,"64_11",-9.325,55.8
"64",12,"64_12",-9.325,55.825
"64",13,"64_13",-9.325,55.85
"64",14,"64_14",-9.325,55.875
"64",15,"64_15",-9.35,55.875
"64",16,"64_16",-9.375,55.875
"64",17,"64_17",-9.375,55.9
"64",18,"64_18",-9.375,55.925
"64",19,"64_19",-9.35,55.925
"64",20,"64_20",-9.325,55.925
"64",21,"64_21",-9.325,55.95
"64",22,"64_22",-9.325,55.975
"64",23,"64_23",-9.325,56
"64",24,"64_24",-9.325,56.025
"64",25,"64_25",-9.35,56.025
"64",26,"64_26",-9.35,56.025
"64",27,"64_27",-9.35,56
"64",28,"64_28",-9.35,55.95
"64",29,"64_29",-9.4,55.95
"64",30,"64_30",-9.4,55.9
"64",31,"64_31",-9.45,55.9
"64",32,"64_32",-9.45,55.875
"65",1,"65_1",-9.625,55.55
"65",2,"65_2",-9.625,55.55
"65",3,"65_3",-9.625,55.525
"65",4,"65_4",-9.6,55.525
"65",5,"65_5",-9.575,55.525
"65",6,"65_6",-9.575,55.5
"65",7,"65_7",-9.55,55.5
"65",8,"65_8",-9.5,55.5
"65",9,"65_9",-9.5,55.55
"65",10,"65_10",-9.45,55.55
"65",11,"65_11",-9.45,55.575
"65",12,"65_12",-9.45,55.575
"65",13,"65_13",-9.475,55.575
"65",14,"65_14",-9.475,55.6
"65",15,"65_15",-9.475,55.625
"65",16,"65_16",-9.475,55.65
"65",17,"65_17",-9.475,55.675
"65",18,"65_18",-9.475,55.7
"65",19,"65_19",-9.475,55.725
"65",20,"65_20",-9.5,55.725
"65",21,"65_21",-9.5,55.725
"65",22,"65_22",-9.5,55.7
"65",23,"65_23",-9.55,55.7
"65",24,"65_24",-9.55,55.65
"65",25,"65_25",-9.6,55.65
"65",26,"65_26",-9.6,55.6
"65",27,"65_27",-9.6,55.55
"65",28,"65_28",-9.625,55.55
"66",1,"66_1",-9.975,55.45
"66",2,"66_2",-9.975,55.45
"66",3,"66_3",-9.975,55.425
"66",4,"66_4",-9.95,55.425
"66",5,"66_5",-9.925,55.425
"66",6,"66_6",-9.9,55.425
"66",7,"66_7",-9.875,55.425
"66",8,"66_8",-9.875,55.45
"66",9,"66_9",-9.875,55.475
"66",10,"66_10",-9.875,55.5
"66",11,"66_11",-9.875,55.5
"66",12,"66_12",-9.9,55.5
"66",13,"66_13",-9.95,55.5
"66",14,"66_14",-9.95,55.45
"66",15,"66_15",-9.975,55.45
"67",1,"67_1",-10.2,55.125
"67",2,"67_2",-10.175,55.125
"67",3,"67_3",-10.175,55.1
"67",4,"67_4",-10.175,55.075
"67",5,"67_5",-10.15,55.075
"67",6,"67_6",-10.125,55.075
"67",7,"67_7",-10.125,55.05
"67",8,"67_8",-10.125,55.025
"67",9,"67_9",-10.1,55.025
"67",10,"67_10",-10.1,55.05
"67",11,"67_11",-10.05,55.05
"67",12,"67_12",-10.05,55.1
"67",13,"67_13",-10.05,55.125
"67",14,"67_14",-10.075,55.125
"67",15,"67_15",-10.075,55.15
"67",16,"67_16",-10.075,55.175
"67",17,"67_17",-10.075,55.2
"67",18,"67_18",-10.075,55.225
"67",19,"67_19",-10.075,55.25
"67",20,"67_20",-10.075,55.275
"67",21,"67_21",-10.1,55.275
"67",22,"67_22",-10.1,55.275
"67",23,"67_23",-10.1,55.25
"67",24,"67_24",-10.15,55.25
"67",25,"67_25",-10.15,55.2
"67",26,"67_26",-10.15,55.15
"67",27,"67_27",-10.2,55.15
"67",28,"67_28",-10.2,55.125
"68",1,"68_1",-10.325,55
"68",2,"68_2",-10.325,55
"68",3,"68_3",-10.325,54.975
"68",4,"68_4",-10.3,54.975
"68",5,"68_5",-10.275,54.975
"68",6,"68_6",-10.25,54.975
"68",7,"68_7",-10.225,54.975
"68",8,"68_8",-10.225,55
"68",9,"68_9",-10.225,55.025
"68",10,"68_10",-10.225,55.05
"68",11,"68_11",-10.225,55.075
"68",12,"68_12",-10.25,55.075
"68",13,"68_13",-10.25,55.075
"68",14,"68_14",-10.25,55.05
"68",15,"68_15",-10.25,55
"68",16,"68_16",-10.3,55
"68",17,"68_17",-10.325,55
"69a",1,"69a_1",-10.825,54.65
"69a",2,"69a_2",-10.825,54.65
"69a",3,"69a_3",-10.825,54.625
"69a",4,"69a_4",-10.8,54.625
"69a",5,"69a_5",-10.775,54.625
"69a",6,"69a_6",-10.75,54.625
"69a",7,"69a_7",-10.725,54.625
"69a",8,"69a_8",-10.725,54.65
"69a",9,"69a_9",-10.725,54.65
"69a",10,"69a_10",-10.75,54.65
"69a",11,"69a_11",-10.8,54.65
"69a",12,"69a_12",-10.825,54.65
"69b",1,"69b_1",-10.5,54.875
"69b",2,"69b_2",-10.475,54.875
"69b",3,"69b_3",-10.475,54.9
"69b",4,"69b_4",-10.475,54.9
"69b",5,"69b_5",-10.5,54.9
"69b",6,"69b_6",-10.5,54.875
"70",1,"70_1",-11.625,54.3
"70",2,"70_2",-11.625,54.3
"70",3,"70_3",-11.625,54.275
"70",4,"70_4",-11.625,54.25
"70",5,"70_5",-11.625,54.225
"70",6,"70_6",-11.6,54.225
"70",7,"70_7",-11.575,54.225
"70",8,"70_8",-11.55,54.225
"70",9,"70_9",-11.525,54.225
"70",10,"70_10",-11.525,54.25
"70",11,"70_11",-11.525,54.275
"70",12,"70_12",-11.525,54.3
"70",13,"70_13",-11.525,54.325
"70",14,"70_14",-11.525,54.35
"70",15,"70_15",-11.525,54.35
"70",16,"70_16",-11.55,54.35
"70",17,"70_17",-11.55,54.3
"70",18,"70_18",-11.6,54.3
"70",19,"70_19",-11.625,54.3
"71",1,"71_1",-12.025,54.1
"71",2,"71_2",-12.025,54.1
"71",3,"71_3",-12.025,54.075
"71",4,"71_4",-12.025,54.05
"71",5,"71_5",-12.025,54.025
"71",6,"71_6",-12,54.025
"71",7,"71_7",-11.975,54.025
"71",8,"71_8",-11.95,54.025
"71",9,"71_9",-11.925,54.025
"71",10,"71_10",-11.925,54.05
"71",11,"71_11",-11.925,54.075
"71",12,"71_12",-11.925,54.1
"71",13,"71_13",-11.925,54.125
"71",14,"71_14",-11.9,54.125
"71",15,"71_15",-11.875,54.125
"71",16,"71_16",-11.875,54.15
"71",17,"71_17",-11.875,54.15
"71",18,"71_18",-11.9,54.15
"71",19,"71_19",-11.95,54.15
"71",20,"71_20",-11.975,54.15
"71",21,"71_21",-11.975,54.15
"71",22,"71_22",-11.975,54.125
"71",23,"71_23",-12,54.125
"71",24,"71_24",-12,54.1
"71",25,"71_25",-12.025,54.1
"72",1,"72_1",-12.3,54.075
"72",2,"72_2",-12.275,54.075
"72",3,"72_3",-12.275,54.05
"72",4,"72_4",-12.275,54.025
"72",5,"72_5",-12.275,54
"72",6,"72_6",-12.275,53.975
"72",7,"72_7",-12.25,53.975
"72",8,"72_8",-12.225,53.975
"72",9,"72_9",-12.2,53.975
"72",10,"72_10",-12.175,53.975
"72",11,"72_11",-12.175,54
"72",12,"72_12",-12.175,54.025
"72",13,"72_13",-12.175,54.05
"72",14,"72_14",-12.175,54.075
"72",15,"72_15",-12.2,54.075
"72",16,"72_16",-12.225,54.075
"72",17,"72_17",-12.225,54.1
"72",18,"72_18",-12.225,54.1
"72",19,"72_19",-12.25,54.1
"72",20,"72_20",-12.3,54.1
"72",21,"72_21",-12.3,54.075
"72",22,"72_22",-12.3,54.075
"73",1,"73_1",-12.675,54
"73",2,"73_2",-12.675,54
"73",3,"73_3",-12.675,53.975
"73",4,"73_4",-12.65,53.975
"73",5,"73_5",-12.625,53.975
"73",6,"73_6",-12.625,53.95
"73",7,"73_7",-12.625,53.925
"73",8,"73_8",-12.6,53.925
"73",9,"73_9",-12.575,53.925
"73",10,"73_10",-12.55,53.925
"73",11,"73_11",-12.525,53.925
"73",12,"73_12",-12.525,53.95
"73",13,"73_13",-12.525,53.975
"73",14,"73_14",-12.525,54
"73",15,"73_15",-12.525,54.025
"73",16,"73_16",-12.5,54.025
"73",17,"73_17",-12.475,54.025
"73",18,"73_18",-12.475,54.05
"73",19,"73_19",-12.475,54.05
"73",20,"73_20",-12.5,54.05
"73",21,"73_21",-12.55,54.05
"73",22,"73_22",-12.6,54.05
"73",23,"73_23",-12.6,54
"73",24,"73_24",-12.65,54
"73",25,"73_25",-12.675,54
"74",1,"74_1",-9.9,48.575
"74",2,"74_2",-9.875,48.575
"74",3,"74_3",-9.85,48.575
"74",4,"74_4",-9.825,48.575
"74",5,"74_5",-9.8,48.575
"74",6,"74_6",-9.8,48.575
"74",7,"74_7",-9.8,48.6
"74",8,"74_8",-9.75,48.6
"74",9,"74_9",-9.725,48.6
"74",10,"74_10",-9.725,48.625
"74",11,"74_11",-9.725,48.65
"74",12,"74_12",-9.725,48.675
"74",13,"74_13",-9.75,48.675
"74",14,"74_14",-9.775,48.675
"74",15,"74_15",-9.8,48.675
"74",16,"74_16",-9.825,48.675
"74",17,"74_17",-9.825,48.7
"74",18,"74_18",-9.825,48.7
"74",19,"74_19",-9.85,48.7
"74",20,"74_20",-9.9,48.7
"74",21,"74_21",-9.95,48.7
"74",22,"74_22",-9.95,48.725
"74",23,"74_23",-9.975,48.725
"74",24,"74_24",-9.975,48.7
"74",25,"74_25",-9.975,48.675
"74",26,"74_26",-9.975,48.65
"74",27,"74_27",-9.975,48.625
"74",28,"74_28",-9.95,48.625
"74",29,"74_29",-9.925,48.625
"74",30,"74_30",-9.925,48.6
"74",31,"74_31",-9.9,48.6
"74",32,"74_32",-9.9,48.575
"75",1,"75_1",-10.125,48.55
"75",2,"75_2",-10.125,48.575
"75",3,"75_3",-10.125,48.6
"75",4,"75_4",-10.125,48.625
"75",5,"75_5",-10.15,48.625
"75",6,"75_6",-10.175,48.625
"75",7,"75_7",-10.2,48.625
"75",8,"75_8",-10.225,48.625
"75",9,"75_9",-10.225,48.6
"75",10,"75_10",-10.225,48.575
"75",11,"75_11",-10.225,48.55
"75",12,"75_12",-10.2,48.55
"75",13,"75_13",-10.15,48.55
"75",14,"75_14",-10.125,48.55
"76",1,"76_1",-10.3,48.575
"76",2,"76_2",-10.3,48.575
"76",3,"76_3",-10.275,48.575
"76",4,"76_4",-10.275,48.6
"76",5,"76_5",-10.275,48.625
"76",6,"76_6",-10.275,48.65
"76",7,"76_7",-10.275,48.675
"76",8,"76_8",-10.275,48.7
"76",9,"76_9",-10.275,48.725
"76",10,"76_10",-10.3,48.725
"76",11,"76_11",-10.325,48.725
"76",12,"76_12",-10.35,48.725
"76",13,"76_13",-10.375,48.725
"76",14,"76_14",-10.4,48.725
"76",15,"76_15",-10.425,48.725
"76",16,"76_16",-10.45,48.725
"76",17,"76_17",-10.475,48.725
"76",18,"76_18",-10.475,48.7
"76",19,"76_19",-10.475,48.675
"76",20,"76_20",-10.475,48.65
"76",21,"76_21",-10.475,48.625
"76",22,"76_22",-10.475,48.6
"76",23,"76_23",-10.475,48.575
"76",24,"76_24",-10.475,48.55
"76",25,"76_25",-10.45,48.55
"76",26,"76_26",-10.45,48.525
"76",27,"76_27",-10.425,48.525
"76",28,"76_28",-10.4,48.525
"76",29,"76_29",-10.4,48.525
"76",30,"76_30",-10.4,48.55
"76",31,"76_31",-10.375,48.55
"76",32,"76_32",-10.375,48.575
"76",33,"76_33",-10.35,48.575
"76",34,"76_34",-10.35,48.6
"76",35,"76_35",-10.3,48.6
"76",36,"76_36",-10.3,48.575
"77",1,"77_1",-11.675,51.25
"77",2,"77_2",-11.675,51.275
"77",3,"77_3",-11.65,51.275
"77",4,"77_4",-11.625,51.275
"77",5,"77_5",-11.6,51.275
"77",6,"77_6",-11.575,51.275
"77",7,"77_7",-11.575,51.3
"77",8,"77_8",-11.575,51.325
"77",9,"77_9",-11.575,51.35
"77",10,"77_10",-11.575,51.375
"77",11,"77_11",-11.575,51.4
"77",12,"77_12",-11.575,51.425
"77",13,"77_13",-11.6,51.425
"77",14,"77_14",-11.625,51.425
"77",15,"77_15",-11.65,51.425
"77",16,"77_16",-11.675,51.425
"77",17,"77_17",-11.675,51.45
"77",18,"77_18",-11.675,51.475
"77",19,"77_19",-11.675,51.5
"77",20,"77_20",-11.675,51.525
"77",21,"77_21",-11.7,51.525
"77",22,"77_22",-11.725,51.525
"77",23,"77_23",-11.75,51.525
"77",24,"77_24",-11.75,51.525
"77",25,"77_25",-11.75,51.5
"77",26,"77_26",-11.75,51.45
"77",27,"77_27",-11.75,51.4
"77",28,"77_28",-11.75,51.35
"77",29,"77_29",-11.7,51.35
"77",30,"77_30",-11.7,51.3
"77",31,"77_31",-11.7,51.25
"77",32,"77_32",-11.675,51.25
"78",1,"78_1",-11.275,50.7
"78",2,"78_2",-11.275,50.725
"78",3,"78_3",-11.275,50.75
"78",4,"78_4",-11.275,50.775
"78",5,"78_5",-11.3,50.775
"78",6,"78_6",-11.325,50.775
"78",7,"78_7",-11.35,50.775
"78",8,"78_8",-11.375,50.775
"78",9,"78_9",-11.375,50.75
"78",10,"78_10",-11.35,50.75
"78",11,"78_11",-11.35,50.7
"78",12,"78_12",-11.3,50.7
"78",13,"78_13",-11.275,50.7
"79",1,"79_1",-13.075,53.875
"79",2,"79_2",-13.05,53.875
"79",3,"79_3",-13.025,53.875
"79",4,"79_4",-13,53.875
"79",5,"79_5",-12.975,53.875
"79",6,"79_6",-12.975,53.9
"79",7,"79_7",-12.975,53.925
"79",8,"79_8",-12.975,53.95
"79",9,"79_9",-12.975,53.975
"79",10,"79_10",-13,53.975
"79",11,"79_11",-13.025,53.975
"79",12,"79_12",-13.05,53.975
"79",13,"79_13",-13.075,53.975
"79",14,"79_14",-13.075,53.95
"79",15,"79_15",-13.075,53.925
"79",16,"79_16",-13.075,53.9
"79",17,"79_17",-13.075,53.875
"80",1,"80_1",-10.65,48.625
"80",2,"80_2",-10.625,48.625
"80",3,"80_3",-10.6,48.625
"80",4,"80_4",-10.575,48.625
"80",5,"80_5",-10.55,48.625
"80",6,"80_6",-10.525,48.625
"80",7,"80_7",-10.525,48.65
"80",8,"80_8",-10.525,48.675
"80",9,"80_9",-10.525,48.7
"80",10,"80_10",-10.525,48.725
"80",11,"80_11",-10.525,48.75
"80",12,"80_12",-10.525,48.775
"80",13,"80_13",-10.525,48.8
"80",14,"80_14",-10.525,48.825
"80",15,"80_15",-10.55,48.825
"80",16,"80_16",-10.575,48.825
"80",17,"80_17",-10.6,48.825
"80",18,"80_18",-10.625,48.825
"80",19,"80_19",-10.65,48.825
"80",20,"80_20",-10.675,48.825
"80",21,"80_21",-10.675,48.85
"80",22,"80_22",-10.675,48.875
"80",23,"80_23",-10.7,48.875
"80",24,"80_24",-10.725,48.875
"80",25,"80_25",-10.75,48.875
"80",26,"80_26",-10.775,48.875
"80",27,"80_27",-10.775,48.85
"80",28,"80_28",-10.775,48.825
"80",29,"80_29",-10.775,48.8
"80",30,"80_30",-10.775,48.775
"80",31,"80_31",-10.75,48.775
"80",32,"80_32",-10.725,48.775
"80",33,"80_33",-10.725,48.75
"80",34,"80_34",-10.7,48.75
"80",35,"80_35",-10.65,48.75
"80",36,"80_36",-10.6,48.75
"80",37,"80_37",-10.6,48.7
"80",38,"80_38",-10.6,48.65
"80",39,"80_39",-10.65,48.65
"80",40,"80_40",-10.65,48.625
"81",1,"81_1",-11.1,49.925
"81",2,"81_2",-11.075,49.925
"81",3,"81_3",-11.075,49.95
"81",4,"81_4",-11.075,49.975
"81",5,"81_5",-11.075,50
"81",6,"81_6",-11.075,50.025
"81",7,"81_7",-11.1,50.025
"81",8,"81_8",-11.125,50.025
"81",9,"81_9",-11.15,50.025
"81",10,"81_10",-11.175,50.025
"81",11,"81_11",-11.175,50
"81",12,"81_12",-11.175,49.975
"81",13,"81_13",-11.175,49.95
"81",14,"81_14",-11.175,49.925
"81",15,"81_15",-11.15,49.925
"81",16,"81_16",-11.125,49.925
"81",17,"81_17",-11.1,49.925
"82",1,"82_1",-11.9,51.575
"82",2,"82_2",-11.875,51.575
"82",3,"82_3",-11.875,51.6
"82",4,"82_4",-11.875,51.625
"82",5,"82_5",-11.875,51.65
"82",6,"82_6",-11.875,51.675
"82",7,"82_7",-11.9,51.675
"82",8,"82_8",-11.925,51.675
"82",9,"82_9",-11.95,51.675
"82",10,"82_10",-11.95,51.675
"82",11,"82_11",-11.95,51.65
"82",12,"82_12",-11.95,51.6
"82",13,"82_13",-11.9,51.6
"82",14,"82_14",-11.9,51.575
"83",1,"83_1",-12.625,52.175
"83",2,"83_2",-12.6,52.175
"83",3,"83_3",-12.575,52.175
"83",4,"83_4",-12.55,52.175
"83",5,"83_5",-12.525,52.175
"83",6,"83_6",-12.525,52.2
"83",7,"83_7",-12.525,52.225
"83",8,"83_8",-12.525,52.25
"83",9,"83_9",-12.525,52.275
"83",10,"83_10",-12.55,52.275
"83",11,"83_11",-12.575,52.275
"83",12,"83_12",-12.6,52.275
"83",13,"83_13",-12.625,52.275
"83",14,"83_14",-12.625,52.25
"83",15,"83_15",-12.625,52.225
"83",16,"83_16",-12.625,52.2
"83",17,"83_17",-12.625,52.175
"84",1,"84_1",-11.1,48.825
"84",2,"84_2",-11.1,48.825
"84",3,"84_3",-11.075,48.825
"84",4,"84_4",-11.075,48.85
"84",5,"84_5",-11.075,48.875
"84",6,"84_6",-11.05,48.875
"84",7,"84_7",-11.025,48.875
"84",8,"84_8",-11,48.875
"84",9,"84_9",-10.975,48.875
"84",10,"84_10",-10.975,48.9
"84",11,"84_11",-10.975,48.925
"84",12,"84_12",-10.975,48.95
"84",13,"84_13",-10.975,48.975
"84",14,"84_14",-11,48.975
"84",15,"84_15",-11.025,48.975
"84",16,"84_16",-11.025,49
"84",17,"84_17",-11.025,49.025
"84",18,"84_18",-11.05,49.025
"84",19,"84_19",-11.075,49.025
"84",20,"84_20",-11.1,49.025
"84",21,"84_21",-11.125,49.025
"84",22,"84_22",-11.125,49
"84",23,"84_23",-11.125,48.975
"84",24,"84_24",-11.125,48.95
"84",25,"84_25",-11.125,48.925
"84",26,"84_26",-11.15,48.925
"84",27,"84_27",-11.175,48.925
"84",28,"84_28",-11.175,48.9
"84",29,"84_29",-11.175,48.875
"84",30,"84_30",-11.175,48.85
"84",31,"84_31",-11.15,48.85
"84",32,"84_32",-11.15,48.9
"84",33,"84_33",-11.1,48.9
"84",34,"84_34",-11.1,48.85
"84",35,"84_35",-11.1,48.825
"85",1,"85_1",-11.525,49.625
"85",2,"85_2",-11.5,49.625
"85",3,"85_3",-11.475,49.625
"85",4,"85_4",-11.45,49.625
"85",5,"85_5",-11.425,49.625
"85",6,"85_6",-11.425,49.65
"85",7,"85_7",-11.425,49.675
"85",8,"85_8",-11.425,49.7
"85",9,"85_9",-11.425,49.725
"85",10,"85_10",-11.45,49.725
"85",11,"85_11",-11.475,49.725
"85",12,"85_12",-11.5,49.725
"85",13,"85_13",-11.525,49.725
"85",14,"85_14",-11.525,49.7
"85",15,"85_15",-11.525,49.675
"85",16,"85_16",-11.525,49.65
"85",17,"85_17",-11.525,49.625
"86",1,"86_1",-12.875,52.175
"86",2,"86_2",-12.85,52.175
"86",3,"86_3",-12.825,52.175
"86",4,"86_4",-12.825,52.15
"86",5,"86_5",-12.825,52.125
"86",6,"86_6",-12.8,52.125
"86",7,"86_7",-12.775,52.125
"86",8,"86_8",-12.75,52.125
"86",9,"86_9",-12.725,52.125
"86",10,"86_10",-12.725,52.15
"86",11,"86_11",-12.725,52.175
"86",12,"86_12",-12.725,52.2
"86",13,"86_13",-12.725,52.225
"86",14,"86_14",-12.75,52.225
"86",15,"86_15",-12.775,52.225
"86",16,"86_16",-12.775,52.25
"86",17,"86_17",-12.775,52.275
"86",18,"86_18",-12.8,52.275
"86",19,"86_19",-12.825,52.275
"86",20,"86_20",-12.85,52.275
"86",21,"86_21",-12.875,52.275
"86",22,"86_22",-12.875,52.25
"86",23,"86_23",-12.875,52.225
"86",24,"86_24",-12.875,52.2
"86",25,"86_25",-12.875,52.175
"87",1,"87_1",-11.375,49
"87",2,"87_2",-11.375,49.025
"87",3,"87_3",-11.375,49.05
"87",4,"87_4",-11.375,49.075
"87",5,"87_5",-11.4,49.075
"87",6,"87_6",-11.425,49.075
"87",7,"87_7",-11.45,49.075
"87",8,"87_8",-11.475,49.075
"87",9,"87_9",-11.475,49.05
"87",10,"87_10",-11.45,49.05
"87",11,"87_11",-11.45,49
"87",12,"87_12",-11.4,49
"87",13,"87_13",-11.375,49
"88",1,"88_1",-13.025,52.25
"88",2,"88_2",-13.025,52.275
"88",3,"88_3",-13.025,52.3
"88",4,"88_4",-13.025,52.325
"88",5,"88_5",-13.05,52.325
"88",6,"88_6",-13.075,52.325
"88",7,"88_7",-13.1,52.325
"88",8,"88_8",-13.125,52.325
"88",9,"88_9",-13.125,52.3
"88",10,"88_10",-13.125,52.275
"88",11,"88_11",-13.125,52.25
"88",12,"88_12",-13.125,52.225
"88",13,"88_13",-13.1,52.225
"88",14,"88_14",-13.075,52.225
"88",15,"88_15",-13.05,52.225
"88",16,"88_16",-13.025,52.225
"88",17,"88_17",-13.025,52.25
"89",1,"89_1",-14.025,53.8
"89",2,"89_2",-14.025,53.8
"89",3,"89_3",-14.025,53.775
"89",4,"89_4",-14.025,53.75
"89",5,"89_5",-14.025,53.725
"89",6,"89_6",-14,53.725
"89",7,"89_7",-13.975,53.725
"89",8,"89_8",-13.95,53.725
"89",9,"89_9",-13.925,53.725
"89",10,"89_10",-13.925,53.75
"89",11,"89_11",-13.925,53.775
"89",12,"89_12",-13.925,53.8
"89",13,"89_13",-13.925,53.825
"89",14,"89_14",-13.95,53.825
"89",15,"89_15",-13.95,53.8
"89",16,"89_16",-14,53.8
"89",17,"89_17",-14.025,53.8
"90",1,"90_1",-11.8,49.225
"90",2,"90_2",-11.775,49.225
"90",3,"90_3",-11.75,49.225
"90",4,"90_4",-11.725,49.225
"90",5,"90_5",-11.725,49.25
"90",6,"90_6",-11.725,49.25
"90",7,"90_7",-11.75,49.25
"90",8,"90_8",-11.8,49.25
"90",9,"90_9",-11.8,49.225
"91",1,"91_1",-13.25,52.075
"91",2,"91_2",-13.225,52.075
"91",3,"91_3",-13.2,52.075
"91",4,"91_4",-13.175,52.075
"91",5,"91_5",-13.175,52.1
"91",6,"91_6",-13.175,52.125
"91",7,"91_7",-13.175,52.15
"91",8,"91_8",-13.175,52.175
"91",9,"91_9",-13.2,52.175
"91",10,"91_10",-13.225,52.175
"91",11,"91_11",-13.25,52.175
"91",12,"91_12",-13.275,52.175
"91",13,"91_13",-13.275,52.15
"91",14,"91_14",-13.275,52.125
"91",15,"91_15",-13.275,52.1
"91",16,"91_16",-13.275,52.075
"91",17,"91_17",-13.25,52.075
"92",1,"92_1",-14.175,53.7
"92",2,"92_2",-14.175,53.7
"92",3,"92_3",-14.175,53.675
"92",4,"92_4",-14.175,53.65
"92",5,"92_5",-14.175,53.625
"92",6,"92_6",-14.15,53.625
"92",7,"92_7",-14.125,53.625
"92",8,"92_8",-14.1,53.625
"92",9,"92_9",-14.075,53.625
"92",10,"92_10",-14.075,53.65
"92",11,"92_11",-14.075,53.675
"92",12,"92_12",-14.075,53.7
"92",13,"92_13",-14.075,53.725
"92",14,"92_14",-14.1,53.725
"92",15,"92_15",-14.125,53.725
"92",16,"92_16",-14.15,53.725
"92",17,"92_17",-14.15,53.725
"92",18,"92_18",-14.15,53.7
"92",19,"92_19",-14.175,53.7
"93",1,"93_1",-14.3,53.525
"93",2,"93_2",-14.3,53.55
"93",3,"93_3",-14.3,53.575
"93",4,"93_4",-14.3,53.6
"93",5,"93_5",-14.325,53.6
"93",6,"93_6",-14.35,53.6
"93",7,"93_7",-14.375,53.6
"93",8,"93_8",-14.4,53.6
"93",9,"93_9",-14.4,53.575
"93",10,"93_10",-14.4,53.55
"93",11,"93_11",-14.375,53.55
"93",12,"93_12",-14.35,53.55
"93",13,"93_13",-14.35,53.525
"93",14,"93_14",-14.35,53.5
"93",15,"93_15",-14.325,53.5
"93",16,"93_16",-14.3,53.5
"93",17,"93_17",-14.3,53.525
"94",1,"94_1",-14.525,53.45
"94",2,"94_2",-14.525,53.45
"94",3,"94_3",-14.525,53.425
"94",4,"94_4",-14.5,53.425
"94",5,"94_5",-14.475,53.425
"94",6,"94_6",-14.45,53.425
"94",7,"94_7",-14.425,53.425
"94",8,"94_8",-14.425,53.45
"94",9,"94_9",-14.425,53.475
"94",10,"94_10",-14.425,53.5
"94",11,"94_11",-14.425,53.525
"94",12,"94_12",-14.45,53.525
"94",13,"94_13",-14.45,53.5
"94",14,"94_14",-14.45,53.45
"94",15,"94_15",-14.5,53.45
"94",16,"94_16",-14.525,53.45
"95",1,"95_1",-13.675,51.45
"95",2,"95_2",-13.675,51.425
"95",3,"95_3",-13.65,51.425
"95",4,"95_4",-13.625,51.425
"95",5,"95_5",-13.6,51.425
"95",6,"95_6",-13.575,51.425
"95",7,"95_7",-13.575,51.45
"95",8,"95_8",-13.575,51.475
"95",9,"95_9",-13.575,51.5
"95",10,"95_10",-13.575,51.525
"95",11,"95_11",-13.6,51.525
"95",12,"95_12",-13.625,51.525
"95",13,"95_13",-13.65,51.525
"95",14,"95_14",-13.675,51.525
"95",15,"95_15",-13.675,51.5
"95",16,"95_16",-13.675,51.475
"95",17,"95_17",-13.675,51.45
"96",1,"96_1",-14.725,52.175
"96",2,"96_2",-14.7,52.175
"96",3,"96_3",-14.675,52.175
"96",4,"96_4",-14.65,52.175
"96",5,"96_5",-14.625,52.175
"96",6,"96_6",-14.625,52.2
"96",7,"96_7",-14.625,52.225
"96",8,"96_8",-14.625,52.25
"96",9,"96_9",-14.625,52.275
"96",10,"96_10",-14.65,52.275
"96",11,"96_11",-14.675,52.275
"96",12,"96_12",-14.7,52.275
"96",13,"96_13",-14.725,52.275
"96",14,"96_14",-14.725,52.25
"96",15,"96_15",-14.725,52.225
"96",16,"96_16",-14.725,52.2
"96",17,"96_17",-14.725,52.175
"97",1,"97_1",-14.95,52.475
"97",2,"97_2",-14.925,52.475
"97",3,"97_3",-14.9,52.475
"97",4,"97_4",-14.875,52.475
"97",5,"97_5",-14.875,52.5
"97",6,"97_6",-14.875,52.525
"97",7,"97_7",-14.875,52.55
"97",8,"97_8",-14.875,52.575
"97",9,"97_9",-14.875,52.6
"97",10,"97_10",-14.875,52.625
"97",11,"97_11",-14.9,52.625
"97",12,"97_12",-14.925,52.625
"97",13,"97_13",-14.95,52.625
"97",14,"97_14",-14.975,52.625
"97",15,"97_15",-14.975,52.6
"97",16,"97_16",-14.975,52.575
"97",17,"97_17",-14.975,52.55
"97",18,"97_18",-14.95,52.55
"97",19,"97_19",-14.95,52.5
"97",20,"97_20",-14.95,52.475
"97",21,"97_21",-14.95,52.475
"98",1,"98_1",-14.65,52.075
"98",2,"98_2",-14.675,52.075
"98",3,"98_3",-14.675,52.05
"98",4,"98_4",-14.675,52.025
"98",5,"98_5",-14.675,52
"98",6,"98_6",-14.675,51.975
"98",7,"98_7",-14.65,51.975
"98",8,"98_8",-14.65,52
"98",9,"98_9",-14.65,52.05
"98",10,"98_10",-14.65,52.075
"99",1,"99_1",-14.85,52.175
"99",2,"99_2",-14.825,52.175
"99",3,"99_3",-14.825,52.2
"99",4,"99_4",-14.825,52.225
"99",5,"99_5",-14.825,52.25
"99",6,"99_6",-14.825,52.275
"99",7,"99_7",-14.85,52.275
"99",8,"99_8",-14.875,52.275
"99",9,"99_9",-14.9,52.275
"99",10,"99_10",-14.925,52.275
"99",11,"99_11",-14.925,52.25
"99",12,"99_12",-14.925,52.225
"99",13,"99_13",-14.925,52.2
"99",14,"99_14",-14.9,52.2
"99",15,"99_15",-14.85,52.2
"99",16,"99_16",-14.85,52.175
"100",1,"100_1",-15.025,52
"100",2,"100_2",-15.025,52
"100",3,"100_3",-15.025,51.975
"100",4,"100_4",-15,51.975
"100",5,"100_5",-14.975,51.975
"100",6,"100_6",-14.95,51.975
"100",7,"100_7",-14.925,51.975
"100",8,"100_8",-14.925,52
"100",9,"100_9",-14.925,52.025
"100",10,"100_10",-14.925,52.05
"100",11,"100_11",-14.925,52.075
"100",12,"100_12",-14.95,52.075
"100",13,"100_13",-14.95,52.05
"100",14,"100_14",-15,52.05
"100",15,"100_15",-15,52
"100",16,"100_16",-15.025,52
"101",1,"101_1",-15.05,51.825
"101",2,"101_2",-15.025,51.825
"101",3,"101_3",-15,51.825
"101",4,"101_4",-14.975,51.825
"101",5,"101_5",-14.975,51.85
"101",6,"101_6",-14.975,51.875
"101",7,"101_7",-14.975,51.9
"101",8,"101_8",-14.975,51.925
"101",9,"101_9",-15,51.925
"101",10,"101_10",-15.025,51.925
"101",11,"101_11",-15.05,51.925
"101",12,"101_12",-15.075,51.925
"101",13,"101_13",-15.1,51.925
"101",14,"101_14",-15.1,51.925
"101",15,"101_15",-15.1,51.9
"101",16,"101_16",-15.1,51.85
"101",17,"101_17",-15.05,51.85
"101",18,"101_18",-15.05,51.825
"102",1,"102_1",-14.6,51.025
"102",2,"102_2",-14.575,51.025
"102",3,"102_3",-14.55,51.025
"102",4,"102_4",-14.525,51.025
"102",5,"102_5",-14.525,51.05
"102",6,"102_6",-14.525,51.075
"102",7,"102_7",-14.525,51.1
"102",8,"102_8",-14.525,51.125
"102",9,"102_9",-14.55,51.125
"102",10,"102_10",-14.575,51.125
"102",11,"102_11",-14.6,51.125
"102",12,"102_12",-14.625,51.125
"102",13,"102_13",-14.625,51.1
"102",14,"102_14",-14.625,51.075
"102",15,"102_15",-14.625,51.05
"102",16,"102_16",-14.6,51.05
"102",17,"102_17",-14.6,51.025
"103",1,"103_1",-15.1,51.975
"103",2,"103_2",-15.075,51.975
"103",3,"103_3",-15.075,52
"103",4,"103_4",-15.075,52
"103",5,"103_5",-15.1,52
"103",6,"103_6",-15.1,51.975
"104",1,"104_1",-9.75,48.5
"104",2,"104_2",-9.625,48.5
"104",3,"104_3",-9.625,48.525
"104",4,"104_4",-9.65,48.525
"104",5,"104_5",-9.675,48.525
"104",6,"104_6",-9.7,48.525
"104",7,"104_7",-9.725,48.525
"104",8,"104_8",-9.75,48.525
"104",9,"104_9",-9.75,48.525
"104",10,"104_10",-9.75,48.5
"105",1,"105_1",-11.45,36.45
"105",2,"105_2",-11.45,36.475
"105",3,"105_3",-11.45,36.5
"105",4,"105_4",-11.45,36.525
"105",5,"105_5",-11.45,36.55
"105",6,"105_6",-11.45,36.575
"105",7,"105_7",-11.45,36.6
"105",8,"105_8",-11.475,36.6
"105",9,"105_9",-11.5,36.6
"105",10,"105_10",-11.525,36.6
"105",11,"105_11",-11.55,36.6
"105",12,"105_12",-11.55,36.625
"105",13,"105_13",-11.55,36.65
"105",14,"105_14",-11.575,36.65
"105",15,"105_15",-11.6,36.65
"105",16,"105_16",-11.6,36.625
"105",17,"105_17",-11.6,36.6
"105",18,"105_18",-11.625,36.6
"105",19,"105_19",-11.65,36.6
"105",20,"105_20",-11.65,36.575
"105",21,"105_21",-11.65,36.55
"105",22,"105_22",-11.675,36.55
"105",23,"105_23",-11.7,36.55
"105",24,"105_24",-11.7,36.525
"105",25,"105_25",-11.7,36.5
"105",26,"105_26",-11.675,36.5
"105",27,"105_27",-11.65,36.5
"105",28,"105_28",-11.65,36.475
"105",29,"105_29",-11.65,36.45
"105",30,"105_30",-11.625,36.45
"105",31,"105_31",-11.6,36.45
"105",32,"105_32",-11.575,36.45
"105",33,"105_33",-11.55,36.45
"105",34,"105_34",-11.525,36.45
"105",35,"105_35",-11.5,36.45
"105",36,"105_36",-11.45,36.45
"105",37,"NA_37",-11.6,36.5
"105",38,"NA_38",-11.6,36.55
"105",39,"NA_39",-11.55,36.55
"105",40,"NA_40",-11.5,36.55
"105",41,"NA_41",-11.5,36.5
"105",42,"NA_42",-11.55,36.5
"105",43,"NA_43",-11.6,36.5
"106",1,"106_1",-10.95,36.825
"106",2,"106_2",-10.975,36.825
"106",3,"106_3",-11,36.825
"106",4,"106_4",-11.025,36.825
"106",5,"106_5",-11.025,36.8
"106",6,"106_6",-11.025,36.775
"106",7,"106_7",-11.025,36.75
"106",8,"106_8",-11.025,36.725
"106",9,"106_9",-11,36.725
"106",10,"106_10",-10.975,36.725
"106",11,"106_11",-10.95,36.725
"106",12,"106_12",-10.95,36.725
"106",13,"106_13",-10.95,36.75
"106",14,"106_14",-10.95,36.8
"106",15,"106_15",-10.95,36.825
"107",1,"107_1",-11.1,36.725
"107",2,"107_2",-11.075,36.725
"107",3,"107_3",-11.075,36.75
"107",4,"107_4",-11.075,36.775
"107",5,"107_5",-11.075,36.8
"107",6,"107_6",-11.075,36.825
"107",7,"107_7",-11.075,36.85
"107",8,"107_8",-11.075,36.85
"107",9,"107_9",-11.1,36.85
"107",10,"107_10",-11.1,36.8
"107",11,"107_11",-11.15,36.8
"107",12,"107_12",-11.175,36.8
"107",13,"107_13",-11.175,36.8
"107",14,"107_14",-11.175,36.775
"107",15,"107_15",-11.175,36.75
"107",16,"107_16",-11.175,36.725
"107",17,"107_17",-11.15,36.725
"107",18,"107_18",-11.15,36.75
"107",19,"107_19",-11.1,36.75
"107",20,"107_20",-11.1,36.725
"108",1,"108_1",-11.8,42.55
"108",2,"108_2",-11.75,42.55
"108",3,"108_3",-11.7,42.55
"108",4,"108_4",-11.65,42.55
"108",5,"108_5",-11.6,42.55
"108",6,"108_6",-11.55,42.55
"108",7,"108_7",-11.5,42.55
"108",8,"108_8",-11.5,42.6
"108",9,"108_9",-11.5,42.65
"108",10,"108_10",-11.55,42.65
"108",11,"108_11",-11.55,42.7
"108",12,"108_12",-11.6,42.7
"108",13,"108_13",-11.6,42.75
"108",14,"108_14",-11.6,42.8
"108",15,"108_15",-11.65,42.8
"108",16,"108_16",-11.7,42.8
"108",17,"108_17",-11.75,42.8
"108",18,"108_18",-11.8,42.8
"108",19,"108_19",-11.85,42.8
"108",20,"108_20",-11.85,42.75
"108",21,"108_21",-11.9,42.75
"108",22,"108_22",-11.9,42.7
"108",23,"108_23",-11.9,42.65
"108",24,"108_24",-11.85,42.65
"108",25,"108_25",-11.85,42.6
"108",26,"108_26",-11.8,42.6
"108",27,"108_27",-11.8,42.55
